{"level":"info","message":"Sync started","mode":"full","startedAt":"2026-10-02T01:30:49.825Z","timestamp":"2026-10-02T01:30:49.826Z"}
{"headless":true,"level":"info","message":"Launching Playwright browser","timestamp":"2026-10-02T01:30:49.828Z"}
{"level":"info","message":"Browser session ready","reusedStoredSession":false,"timestamp":"2026-10-02T01:30:51.291Z"}
{"level":"info","message":"Login required, submitting authorized credentials","timestamp":"2026-10-02T01:30:56.165Z"}
{"html":"logs/challenge-captcha.html","level":"info","message":"Saved challenge evidence","screenshot":"logs/challenge-captcha.png","timestamp":"2026-10-02T01:30:59.345Z"}
{"challenge":true,"challengeKind":"captcha","level":"error","message":"Sync failed Authorized user interaction required: captcha","stack":"AuthChallengeError: Authorized user interaction required: captcha\n    at ensureAuthenticated (file:///C:/Users/Krishna/Downloads/uppromote-sheets-sync-step1/uppromote-sheets-sync-step1/scraper/auth.js:145:11)\n    at async runSync (file:///C:/Users/Krishna/Downloads/uppromote-sheets-sync-step1/uppromote-sheets-sync-step1/sync/syncEngine.js:12:18)\n    at async file:///C:/Users/Krishna/Downloads/uppromote-sheets-sync-step1/uppromote-sheets-sync-step1/runner.js:5:18","timestamp":"2026-10-02T01:30:59.346Z"}
{"level":"debug","message":"Saved Playwright storage state","path":"C:\\Users\\Krishna\\Downloads\\uppromote-sheets-sync-step1\\uppromote-sheets-sync-step1\\playwright-session\\storage-state.json","timestamp":"2026-10-02T01:30:59.413Z"}
{"level":"warn","message":"Resetting browser session","timestamp":"2026-10-02T01:30:59.413Z"}
{"level":"info","message":"Sync started","mode":"full","startedAt":"2026-10-02T01:32:25.464Z","timestamp":"2026-10-02T01:32:25.464Z"}
{"headless":false,"level":"info","message":"Launching Playwright browser","timestamp":"2026-10-02T01:32:25.466Z"}
{"level":"info","message":"Browser session ready","reusedStoredSession":true,"timestamp":"2026-10-02T01:32:27.206Z"}
{"level":"info","message":"Login required, submitting authorized credentials","timestamp":"2026-10-02T01:32:28.834Z"}
{"html":"logs/challenge-captcha.html","level":"info","message":"Saved challenge evidence","screenshot":"logs/challenge-captcha.png","timestamp":"2026-10-02T01:32:32.268Z"}
{"level":"info","message":"Waiting up to 300s for you to complete the CAPTCHA challenge in the open browser window...","timestamp":"2026-10-02T01:32:32.269Z"}
{"challenge":false,"level":"error","message":"Sync failed page.waitForTimeout: Target page, context or browser has been closed","stack":"page.waitForTimeout: Target page, context or browser has been closed\n    at waitForManualResolution (C:\\Users\\Krishna\\Downloads\\uppromote-sheets-sync-step1\\uppromote-sheets-sync-step1\\scraper\\auth.js:75:16)\n    at async ensureAuthenticated (C:\\Users\\Krishna\\Downloads\\uppromote-sheets-sync-step1\\uppromote-sheets-sync-step1\\scraper\\auth.js:140:20)\n    at async runSync (C:\\Users\\Krishna\\Downloads\\uppromote-sheets-sync-step1\\uppromote-sheets-sync-step1\\sync\\syncEngine.js:12:18)\n    at async file:///C:/Users/Krishna/Downloads/uppromote-sheets-sync-step1/uppromote-sheets-sync-step1/runner.js:5:18","timestamp":"2026-10-02T01:32:43.628Z"}
{"level":"debug","message":"Saved Playwright storage state","path":"C:\\Users\\Krishna\\Downloads\\uppromote-sheets-sync-step1\\uppromote-sheets-sync-step1\\playwright-session\\storage-state.json","timestamp":"2026-10-02T01:32:43.902Z"}
{"level":"warn","message":"Resetting browser session","timestamp":"2026-10-02T01:32:43.903Z"}
{"level":"info","message":"Sync started","mode":"full","startedAt":"2026-10-02T01:32:48.679Z","timestamp":"2026-10-02T01:32:48.679Z"}
{"headless":false,"level":"info","message":"Launching Playwright browser","timestamp":"2026-10-02T01:32:48.681Z"}
{"level":"info","message":"Browser session ready","reusedStoredSession":true,"timestamp":"2026-10-02T01:32:49.318Z"}
{"level":"info","message":"Login required, submitting authorized credentials","timestamp":"2026-10-02T01:32:51.807Z"}
{"html":"logs/challenge-captcha.html","level":"info","message":"Saved challenge evidence","screenshot":"logs/challenge-captcha.png","timestamp":"2026-10-02T01:32:55.229Z"}
{"level":"info","message":"Waiting up to 300s for you to complete the CAPTCHA challenge in the open browser window...","timestamp":"2026-10-02T01:32:55.229Z"}
{"challenge":false,"level":"error","message":"Sync failed page.waitForTimeout: Target page, context or browser has been closed","stack":"page.waitForTimeout: Target page, context or browser has been closed\n    at waitForManualResolution (C:\\Users\\Krishna\\Downloads\\uppromote-sheets-sync-step1\\uppromote-sheets-sync-step1\\scraper\\auth.js:75:16)\n    at async ensureAuthenticated (C:\\Users\\Krishna\\Downloads\\uppromote-sheets-sync-step1\\uppromote-sheets-sync-step1\\scraper\\auth.js:140:20)\n    at async runSync (C:\\Users\\Krishna\\Downloads\\uppromote-sheets-sync-step1\\uppromote-sheets-sync-step1\\sync\\syncEngine.js:12:18)\n    at async file:///C:/Users/Krishna/Downloads/uppromote-sheets-sync-step1/uppromote-sheets-sync-step1/runner.js:5:18","timestamp":"2026-10-02T01:33:00.940Z"}
{"level":"debug","message":"Saved Playwright storage state","path":"C:\\Users\\Krishna\\Downloads\\uppromote-sheets-sync-step1\\uppromote-sheets-sync-step1\\playwright-session\\storage-state.json","timestamp":"2026-10-02T01:33:01.211Z"}
{"level":"warn","message":"Resetting browser session","timestamp":"2026-10-02T01:33:01.212Z"}
{"level":"info","message":"Sync started","mode":"full","startedAt":"2026-10-02T01:36:14.840Z","timestamp":"2026-10-02T01:36:14.841Z"}
{"headless":false,"level":"info","message":"Launching Playwright browser","timestamp":"2026-10-02T01:36:14.843Z"}
{"level":"info","message":"Browser session ready","reusedStoredSession":true,"timestamp":"2026-10-02T01:36:15.453Z"}
{"level":"info","message":"Login required, submitting authorized credentials","timestamp":"2026-10-02T01:36:17.306Z"}
{"html":"logs/challenge-captcha.html","level":"info","message":"Saved challenge evidence","screenshot":"logs/challenge-captcha.png","timestamp":"2026-10-02T01:36:21.545Z"}
{"level":"info","message":"Waiting up to 300s for you to complete the CAPTCHA challenge in the open browser window...","timestamp":"2026-10-02T01:36:21.546Z"}
{"challenge":false,"level":"error","message":"Sync failed page.waitForTimeout: Target page, context or browser has been closed","stack":"page.waitForTimeout: Target page, context or browser has been closed\n    at waitForManualResolution (C:\\Users\\Krishna\\Downloads\\uppromote-sheets-sync-step1\\uppromote-sheets-sync-step1\\scraper\\auth.js:75:16)\n    at async ensureAuthenticated (C:\\Users\\Krishna\\Downloads\\uppromote-sheets-sync-step1\\uppromote-sheets-sync-step1\\scraper\\auth.js:140:20)\n    at async runSync (C:\\Users\\Krishna\\Downloads\\uppromote-sheets-sync-step1\\uppromote-sheets-sync-step1\\sync\\syncEngine.js:12:18)\n    at async file:///C:/Users/Krishna/Downloads/uppromote-sheets-sync-step1/uppromote-sheets-sync-step1/runner.js:5:18","timestamp":"2026-10-02T01:37:43.629Z"}
{"level":"debug","message":"Saved Playwright storage state","path":"C:\\Users\\Krishna\\Downloads\\uppromote-sheets-sync-step1\\uppromote-sheets-sync-step1\\playwright-session\\storage-state.json","timestamp":"2026-10-02T01:37:43.915Z"}
{"level":"warn","message":"Resetting browser session","timestamp":"2026-10-02T01:37:43.916Z"}
{"headless":false,"level":"info","message":"Launching Playwright browser","timestamp":"2026-10-02T01:37:47.670Z"}
{"level":"info","message":"Browser session ready","reusedStoredSession":true,"timestamp":"2026-10-02T01:37:48.285Z"}
{"level":"info","message":"Login required, submitting authorized credentials","timestamp":"2026-10-02T01:37:50.486Z"}
{"html":"logs/challenge-captcha.html","level":"info","message":"Saved challenge evidence","screenshot":"logs/challenge-captcha.png","timestamp":"2026-10-02T01:37:53.801Z"}
{"level":"info","message":"Waiting up to 300s for you to complete the CAPTCHA challenge in the open browser window...","timestamp":"2026-10-02T01:37:53.802Z"}
{"level":"debug","message":"Saved Playwright storage state","path":"C:\\Users\\Krishna\\Downloads\\uppromote-sheets-sync-step1\\uppromote-sheets-sync-step1\\playwright-session\\storage-state.json","timestamp":"2026-10-02T01:38:16.751Z"}
{"level":"info","message":"Challenge resolved manually, session saved","timestamp":"2026-10-02T01:38:16.752Z"}
{"level":"info","message":"Authenticated. Navigating to Orders/Commission section...","timestamp":"2026-10-02T01:38:16.752Z"}
{"level":"debug","message":"Set table page length to maximum","timestamp":"2026-10-02T01:38:20.630Z","value":"100"}
{"htmlPath":"logs/inspect-dom.html","level":"info","message":"Inspection complete","summaryPath":"logs/inspect-summary.json","tablesFound":1,"timestamp":"2026-10-02T01:38:22.167Z"}
{"level":"debug","message":"Saved Playwright storage state","path":"C:\\Users\\Krishna\\Downloads\\uppromote-sheets-sync-step1\\uppromote-sheets-sync-step1\\playwright-session\\storage-state.json","timestamp":"2026-10-02T01:38:22.244Z"}
{"level":"warn","message":"Resetting browser session","timestamp":"2026-10-02T01:38:22.245Z"}
{"level":"info","message":"Sync started","mode":"full","startedAt":"2026-10-02T01:39:52.019Z","timestamp":"2026-10-02T01:39:52.019Z"}
{"headless":true,"level":"info","message":"Launching Playwright browser","timestamp":"2026-10-02T01:39:52.022Z"}
{"level":"info","message":"Browser session ready","reusedStoredSession":true,"timestamp":"2026-10-02T01:39:52.298Z"}
{"level":"info","message":"Already authenticated (reused session)","timestamp":"2026-10-02T01:39:58.106Z"}
{"level":"debug","message":"Set table page length to maximum","timestamp":"2026-10-02T01:40:01.151Z","value":"100"}
{"level":"info","message":"Scraped orders page","newOnThisPage":100,"pageIndex":1,"rowsFound":100,"timestamp":"2026-10-02T01:40:01.406Z"}
{"level":"debug","message":"Pagination: Next click produced no content change, treating as last page","timestamp":"2026-10-02T01:40:01.769Z"}
{"challenge":false,"level":"error","message":"Sync failed GOOGLE_SHEETS_ID is not set","stack":"Error: GOOGLE_SHEETS_ID is not set\n    at requireEnv (file:///C:/Users/Krishna/Downloads/uppromote-sheets-sync-step1/uppromote-sheets-sync-step1/sheets/writer.js:28:21)\n    at upsertOrders (file:///C:/Users/Krishna/Downloads/uppromote-sheets-sync-step1/uppromote-sheets-sync-step1/sheets/writer.js:182:25)\n    at runSync (file:///C:/Users/Krishna/Downloads/uppromote-sheets-sync-step1/uppromote-sheets-sync-step1/sync/syncEngine.js:17:31)\n    at async file:///C:/Users/Krishna/Downloads/uppromote-sheets-sync-step1/uppromote-sheets-sync-step1/runner.js:5:18","timestamp":"2026-10-02T01:40:01.770Z"}
{"level":"debug","message":"Saved Playwright storage state","path":"C:\\Users\\Krishna\\Downloads\\uppromote-sheets-sync-step1\\uppromote-sheets-sync-step1\\playwright-session\\storage-state.json","timestamp":"2026-10-02T01:40:01.834Z"}
{"level":"warn","message":"Resetting browser session","timestamp":"2026-10-02T01:40:01.835Z"}
{"level":"info","message":"Sync started","mode":"full","startedAt":"2026-10-02T01:51:59.277Z","timestamp":"2026-10-02T01:51:59.278Z"}
{"headless":true,"level":"info","message":"Launching Playwright browser","timestamp":"2026-10-02T01:51:59.280Z"}
{"level":"info","message":"Browser session ready","reusedStoredSession":true,"timestamp":"2026-10-02T01:51:59.571Z"}
{"level":"info","message":"Already authenticated (reused session)","timestamp":"2026-10-02T01:52:05.477Z"}
{"level":"debug","message":"Set table page length to maximum","timestamp":"2026-10-02T01:52:14.125Z","value":"100"}
{"level":"info","message":"Scraped orders page","newOnThisPage":25,"pageIndex":1,"rowsFound":25,"timestamp":"2026-10-02T01:52:14.202Z"}
{"level":"debug","message":"Pagination: Next click produced no content change, treating as last page","timestamp":"2026-10-02T01:52:14.554Z"}
{"challenge":false,"level":"error","message":"Sync failed GOOGLE_SHEETS_ID is not set","stack":"Error: GOOGLE_SHEETS_ID is not set\n    at requireEnv (file:///C:/Users/Krishna/Downloads/uppromote-sheets-sync-step1/uppromote-sheets-sync-step1/sheets/writer.js:28:21)\n    at upsertOrders (file:///C:/Users/Krishna/Downloads/uppromote-sheets-sync-step1/uppromote-sheets-sync-step1/sheets/writer.js:182:25)\n    at runSync (file:///C:/Users/Krishna/Downloads/uppromote-sheets-sync-step1/uppromote-sheets-sync-step1/sync/syncEngine.js:17:31)\n    at async file:///C:/Users/Krishna/Downloads/uppromote-sheets-sync-step1/uppromote-sheets-sync-step1/runner.js:5:18","timestamp":"2026-10-02T01:52:14.554Z"}
{"level":"debug","message":"Saved Playwright storage state","path":"C:\\Users\\Krishna\\Downloads\\uppromote-sheets-sync-step1\\uppromote-sheets-sync-step1\\playwright-session\\storage-state.json","timestamp":"2026-10-02T01:52:14.617Z"}
{"level":"warn","message":"Resetting browser session","timestamp":"2026-10-02T01:52:14.618Z"}
{"level":"info","message":"Sync started","mode":"full","startedAt":"2026-10-02T01:59:43.666Z","timestamp":"2026-10-02T01:59:43.667Z"}
{"headless":true,"level":"info","message":"Launching Playwright browser","timestamp":"2026-10-02T01:59:43.669Z"}
{"level":"info","message":"Browser session ready","reusedStoredSession":true,"timestamp":"2026-10-02T01:59:43.947Z"}
{"level":"info","message":"Already authenticated (reused session)","timestamp":"2026-10-02T01:59:46.715Z"}
{"level":"debug","message":"Set table page length to maximum","timestamp":"2026-10-02T01:59:49.842Z","value":"100"}
{"level":"info","message":"Scraped orders page","newOnThisPage":100,"pageIndex":1,"rowsFound":100,"timestamp":"2026-10-02T01:59:50.106Z"}
{"level":"debug","message":"Pagination: Next click produced no content change, treating as last page","timestamp":"2026-10-02T01:59:50.474Z"}
{"chunkSize":100,"created":100,"level":"info","message":"Google Sheets sync chunk completed","offset":0,"timestamp":"2026-10-02T01:59:54.607Z","unchanged":0,"updated":0}
{"created":100,"finalRowCount":100,"level":"info","message":"Google Sheets upsert completed","received":100,"skipped":0,"timestamp":"2026-10-02T01:59:54.607Z","unchanged":0,"updated":0}
{"completedAt":"2026-10-02T01:59:54.607Z","created":100,"durationSeconds":11,"finalRowCount":100,"level":"info","message":"Sync completed","mode":"full","received":100,"skipped":0,"startedAt":"2026-10-02T01:59:43.666Z","timestamp":"2026-10-02T01:59:54.607Z","unchanged":0,"updated":0}
{"level":"debug","message":"Saved Playwright storage state","path":"C:\\Users\\Krishna\\Downloads\\uppromote-sheets-sync-step1\\uppromote-sheets-sync-step1\\playwright-session\\storage-state.json","timestamp":"2026-10-02T01:59:54.668Z"}
{"level":"warn","message":"Resetting browser session","timestamp":"2026-10-02T01:59:54.668Z"}
{"accountCount":2,"level":"info","message":"Multi-account sync started","mode":"full","startedAt":"2026-10-02T02:27:37.525Z","timestamp":"2026-10-02T02:27:37.526Z"}
{"accountId":"hypdshop","accountName":"HYPD Shop","level":"info","message":"Starting account sync","timestamp":"2026-10-02T02:27:37.528Z"}
{"account":"HYPD Shop","headless":true,"level":"info","message":"Launching Playwright browser","timestamp":"2026-10-02T02:27:37.528Z"}
{"account":"HYPD Shop","level":"info","message":"Browser session ready","reusedStoredSession":true,"timestamp":"2026-10-02T02:27:37.869Z"}
{"account":"HYPD Shop","level":"info","message":"Already authenticated (reused session)","timestamp":"2026-10-02T02:27:44.376Z"}
{"level":"debug","message":"Set table page length to maximum","timestamp":"2026-10-02T02:27:49.254Z","value":"100"}
{"level":"info","maxRows":100,"message":"Scraped current orders page","rowsFound":25,"timestamp":"2026-10-02T02:27:49.335Z"}
{"accountId":"hypdshop","accountName":"HYPD Shop","challenge":false,"level":"error","message":"Account sync failed Unsupported action","stack":"Error: Unsupported action\n    at postJson (file:///C:/Users/Krishna/Downloads/uppromote-sheets-sync-step1/uppromote-sheets-sync-step1/sheets/writer.js:91:11)\n    at process.processTicksAndRejections (node:internal/process/task_queues:104:5)\n    at async replaceAccountOrders (file:///C:/Users/Krishna/Downloads/uppromote-sheets-sync-step1/uppromote-sheets-sync-step1/sheets/writer.js:113:20)\n    at async runSync (file:///C:/Users/Krishna/Downloads/uppromote-sheets-sync-step1/uppromote-sheets-sync-step1/sync/syncEngine.js:41:29)\n    at async file:///C:/Users/Krishna/Downloads/uppromote-sheets-sync-step1/uppromote-sheets-sync-step1/runner.js:5:18","timestamp":"2026-10-02T02:27:52.225Z"}
{"account":"HYPD Shop","level":"debug","message":"Saved Playwright storage state","path":"C:\\Users\\Krishna\\Downloads\\uppromote-sheets-sync-step1\\uppromote-sheets-sync-step1\\playwright-session\\storage-state.json","timestamp":"2026-10-02T02:27:52.286Z"}
{"account":"HYPD Shop","level":"warn","message":"Resetting browser session","timestamp":"2026-10-02T02:27:52.287Z"}
{"accountId":"account_2","accountName":"SECOND ACCOUNT NAME","level":"info","message":"Starting account sync","timestamp":"2026-10-02T02:27:53.889Z"}
{"account":"SECOND ACCOUNT NAME","headless":true,"level":"info","message":"Launching Playwright browser","timestamp":"2026-10-02T02:27:53.890Z"}
{"account":"SECOND ACCOUNT NAME","level":"info","message":"Browser session ready","reusedStoredSession":false,"timestamp":"2026-10-02T02:27:54.002Z"}
{"level":"info","message":"Login required, submitting authorized credentials","timestamp":"2026-10-02T02:27:56.333Z"}
{"html":"logs/challenge-account_2-captcha.html","level":"info","message":"Saved challenge evidence","screenshot":"logs/challenge-account_2-captcha.png","timestamp":"2026-10-02T02:28:01.142Z"}
{"accountId":"account_2","accountName":"SECOND ACCOUNT NAME","challenge":true,"challengeKind":"captcha","level":"error","message":"Account sync failed Authorized user interaction required: captcha","stack":"AuthChallengeError: Authorized user interaction required: captcha\n    at ensureAuthenticated (file:///C:/Users/Krishna/Downloads/uppromote-sheets-sync-step1/uppromote-sheets-sync-step1/scraper/auth.js:146:11)\n    at async runSync (file:///C:/Users/Krishna/Downloads/uppromote-sheets-sync-step1/uppromote-sheets-sync-step1/sync/syncEngine.js:25:20)\n    at async file:///C:/Users/Krishna/Downloads/uppromote-sheets-sync-step1/uppromote-sheets-sync-step1/runner.js:5:18","timestamp":"2026-10-02T02:28:01.142Z"}
{"account":"SECOND ACCOUNT NAME","level":"debug","message":"Saved Playwright storage state","path":"C:\\Users\\Krishna\\Downloads\\uppromote-sheets-sync-step1\\uppromote-sheets-sync-step1\\playwright-session\\account_2.json","timestamp":"2026-10-02T02:28:01.208Z"}
{"account":"SECOND ACCOUNT NAME","level":"warn","message":"Resetting browser session","timestamp":"2026-10-02T02:28:01.208Z"}
{"accountCount":2,"accounts":[{"accountId":"hypdshop","accountName":"HYPD Shop","challenge":null,"message":"Unsupported action","ok":false},{"accountId":"account_2","accountName":"SECOND ACCOUNT NAME","challenge":"captcha","message":"Authorized user interaction required: captcha","ok":false}],"completedAt":"2026-10-02T02:28:01.792Z","durationSeconds":24,"failed":2,"level":"info","message":"Multi-account sync finished","mode":"full","startedAt":"2026-10-02T02:27:37.525Z","succeeded":0,"timestamp":"2026-10-02T02:28:01.792Z"}
{"accountCount":1,"level":"info","message":"Multi-account sync started","mode":"full","startedAt":"2026-10-02T02:30:58.993Z","timestamp":"2026-10-02T02:30:58.994Z"}
{"accountId":"hypdshop","accountName":"HYPD Shop","level":"info","message":"Starting account sync","timestamp":"2026-10-02T02:30:58.995Z"}
{"account":"HYPD Shop","headless":true,"level":"info","message":"Launching Playwright browser","timestamp":"2026-10-02T02:30:58.996Z"}
{"account":"HYPD Shop","level":"info","message":"Browser session ready","reusedStoredSession":true,"timestamp":"2026-10-02T02:30:59.265Z"}
{"account":"HYPD Shop","level":"info","message":"Already authenticated (reused session)","timestamp":"2026-10-02T02:31:02.602Z"}
{"level":"debug","message":"Set table page length to maximum","timestamp":"2026-10-02T02:31:05.830Z","value":"100"}
{"level":"info","maxRows":100,"message":"Scraped current orders page","rowsFound":100,"timestamp":"2026-10-02T02:31:06.110Z"}
{"account":"HYPD Shop","chunkSize":100,"level":"info","message":"Google Sheets staging chunk completed","offset":0,"received":100,"syncId":"hypdshop-1790908266111","timestamp":"2026-10-02T02:31:11.297Z"}
{"account":"HYPD Shop","created":100,"deleted":0,"finalRowCount":200,"level":"info","message":"Google Sheets full replacement completed","ok":true,"received":100,"syncId":"hypdshop-1790908266111","timestamp":"2026-10-02T02:31:16.801Z","unchanged":0,"updated":0}
{"accountId":"hypdshop","accountName":"HYPD Shop","created":100,"deleted":0,"durationSeconds":18,"finalRowCount":200,"level":"info","message":"Account sync completed","mode":"full","ok":true,"pagesScraped":1,"paginationComplete":true,"received":100,"records":100,"stopReason":"single-page-100-row-mode","timestamp":"2026-10-02T02:31:16.801Z","unchanged":0,"updated":0}
{"account":"HYPD Shop","level":"debug","message":"Saved Playwright storage state","path":"C:\\Users\\Krishna\\Downloads\\uppromote-sheets-sync-step1\\uppromote-sheets-sync-step1\\playwright-session\\storage-state.json","timestamp":"2026-10-02T02:31:16.865Z"}
{"account":"HYPD Shop","level":"warn","message":"Resetting browser session","timestamp":"2026-10-02T02:31:16.866Z"}
{"accountCount":1,"accounts":[{"accountId":"hypdshop","accountName":"HYPD Shop","created":100,"deleted":0,"durationSeconds":18,"finalRowCount":200,"mode":"full","ok":true,"pagesScraped":1,"paginationComplete":true,"received":100,"records":100,"stopReason":"single-page-100-row-mode","unchanged":0,"updated":0}],"completedAt":"2026-10-02T02:31:18.474Z","durationSeconds":19,"failed":0,"level":"info","message":"Multi-account sync finished","mode":"full","startedAt":"2026-10-02T02:30:58.993Z","succeeded":1,"timestamp":"2026-10-02T02:31:18.474Z"}
{"accountCount":1,"level":"info","message":"Multi-account sync started","mode":"full","startedAt":"2026-10-02T02:33:43.362Z","timestamp":"2026-10-02T02:33:43.363Z"}
{"accountId":"hypdshop","accountName":"HYPD Shop","level":"info","message":"Starting account sync","timestamp":"2026-10-02T02:33:43.365Z"}
{"account":"HYPD Shop","headless":true,"level":"info","message":"Launching Playwright browser","timestamp":"2026-10-02T02:33:43.366Z"}
{"account":"HYPD Shop","level":"info","message":"Browser session ready","reusedStoredSession":true,"timestamp":"2026-10-02T02:33:43.688Z"}
{"account":"HYPD Shop","level":"info","message":"Already authenticated (reused session)","timestamp":"2026-10-02T02:33:46.839Z"}
{"level":"debug","message":"Set table page length to maximum","timestamp":"2026-10-02T02:33:50.159Z","value":"100"}
{"level":"info","maxRows":100,"message":"Scraped current orders page","rowsFound":100,"timestamp":"2026-10-02T02:33:50.412Z"}
{"account":"HYPD Shop","chunkSize":100,"level":"info","message":"Google Sheets staging chunk completed","offset":0,"received":100,"syncId":"hypdshop-1790908430413","timestamp":"2026-10-02T02:33:54.270Z"}
{"account":"HYPD Shop","created":100,"deleted":0,"finalRowCount":100,"level":"info","message":"Google Sheets full replacement completed","ok":true,"received":100,"syncId":"hypdshop-1790908430413","timestamp":"2026-10-02T02:33:57.877Z","unchanged":0,"updated":0}
{"accountId":"hypdshop","accountName":"HYPD Shop","created":100,"deleted":0,"durationSeconds":15,"finalRowCount":100,"level":"info","message":"Account sync completed","mode":"full","ok":true,"pagesScraped":1,"paginationComplete":true,"received":100,"records":100,"stopReason":"single-page-100-row-mode","timestamp":"2026-10-02T02:33:57.877Z","unchanged":0,"updated":0}
{"account":"HYPD Shop","level":"debug","message":"Saved Playwright storage state","path":"C:\\Users\\Krishna\\Downloads\\uppromote-sheets-sync-step1\\uppromote-sheets-sync-step1\\playwright-session\\storage-state.json","timestamp":"2026-10-02T02:33:57.943Z"}
{"account":"HYPD Shop","level":"warn","message":"Resetting browser session","timestamp":"2026-10-02T02:33:57.943Z"}
{"accountCount":1,"accounts":[{"accountId":"hypdshop","accountName":"HYPD Shop","created":100,"deleted":0,"durationSeconds":15,"finalRowCount":100,"mode":"full","ok":true,"pagesScraped":1,"paginationComplete":true,"received":100,"records":100,"stopReason":"single-page-100-row-mode","unchanged":0,"updated":0}],"completedAt":"2026-10-02T02:33:59.554Z","durationSeconds":16,"failed":0,"level":"info","message":"Multi-account sync finished","mode":"full","startedAt":"2026-10-02T02:33:43.362Z","succeeded":1,"timestamp":"2026-10-02T02:33:59.554Z"}
{"accountCount":1,"level":"info","message":"Multi-account sync started","mode":"full","startedAt":"2026-10-02T02:34:47.986Z","timestamp":"2026-10-02T02:34:47.988Z"}
{"accountId":"hypdshop","accountName":"HYPD Shop","level":"info","message":"Starting account sync","timestamp":"2026-10-02T02:34:47.990Z"}
{"account":"HYPD Shop","headless":true,"level":"info","message":"Launching Playwright browser","timestamp":"2026-10-02T02:34:47.990Z"}
{"account":"HYPD Shop","level":"info","message":"Browser session ready","reusedStoredSession":true,"timestamp":"2026-10-02T02:34:48.299Z"}
{"account":"HYPD Shop","level":"info","message":"Already authenticated (reused session)","timestamp":"2026-10-02T02:34:50.939Z"}
{"level":"debug","message":"Set table page length to maximum","timestamp":"2026-10-02T02:34:54.054Z","value":"100"}
{"level":"info","maxRows":100,"message":"Scraped current orders page","rowsFound":25,"timestamp":"2026-10-02T02:34:54.138Z"}
{"account":"HYPD Shop","chunkSize":25,"level":"info","message":"Google Sheets staging chunk completed","offset":0,"received":25,"syncId":"hypdshop-1790908494138","timestamp":"2026-10-02T02:34:57.852Z"}
{"account":"HYPD Shop","created":0,"deleted":75,"finalRowCount":25,"level":"info","message":"Google Sheets full replacement completed","ok":true,"received":25,"syncId":"hypdshop-1790908494138","timestamp":"2026-10-02T02:35:02.112Z","unchanged":0,"updated":25}
{"accountId":"hypdshop","accountName":"HYPD Shop","created":0,"deleted":75,"durationSeconds":14,"finalRowCount":25,"level":"info","message":"Account sync completed","mode":"full","ok":true,"pagesScraped":1,"paginationComplete":true,"received":25,"records":25,"stopReason":"single-page-100-row-mode","timestamp":"2026-10-02T02:35:02.113Z","unchanged":0,"updated":25}
{"account":"HYPD Shop","level":"debug","message":"Saved Playwright storage state","path":"C:\\Users\\Krishna\\Downloads\\uppromote-sheets-sync-step1\\uppromote-sheets-sync-step1\\playwright-session\\storage-state.json","timestamp":"2026-10-02T02:35:02.185Z"}
{"account":"HYPD Shop","level":"warn","message":"Resetting browser session","timestamp":"2026-10-02T02:35:02.185Z"}
{"accountCount":1,"accounts":[{"accountId":"hypdshop","accountName":"HYPD Shop","created":0,"deleted":75,"durationSeconds":14,"finalRowCount":25,"mode":"full","ok":true,"pagesScraped":1,"paginationComplete":true,"received":25,"records":25,"stopReason":"single-page-100-row-mode","unchanged":0,"updated":25}],"completedAt":"2026-10-02T02:35:03.801Z","durationSeconds":16,"failed":0,"level":"info","message":"Multi-account sync finished","mode":"full","startedAt":"2026-10-02T02:34:47.986Z","succeeded":1,"timestamp":"2026-10-02T02:35:03.802Z"}
{"accountCount":1,"level":"info","message":"Multi-account sync started","mode":"full","startedAt":"2026-10-02T02:35:33.412Z","timestamp":"2026-10-02T02:35:33.413Z"}
{"accountId":"hypdshop","accountName":"HYPD Shop","level":"info","message":"Starting account sync","timestamp":"2026-10-02T02:35:33.415Z"}
{"account":"HYPD Shop","headless":true,"level":"info","message":"Launching Playwright browser","timestamp":"2026-10-02T02:35:33.415Z"}
{"account":"HYPD Shop","level":"info","message":"Browser session ready","reusedStoredSession":true,"timestamp":"2026-10-02T02:35:33.678Z"}
{"account":"HYPD Shop","level":"info","message":"Already authenticated (reused session)","timestamp":"2026-10-02T02:35:36.349Z"}
{"level":"debug","message":"Set table page length to maximum","timestamp":"2026-10-02T02:35:39.668Z","value":"100"}
{"level":"info","maxRows":100,"message":"Scraped current orders page","rowsFound":100,"timestamp":"2026-10-02T02:35:39.914Z"}
{"account":"HYPD Shop","chunkSize":100,"level":"info","message":"Google Sheets staging chunk completed","offset":0,"received":100,"syncId":"hypdshop-1790908539914","timestamp":"2026-10-02T02:35:44.029Z"}
{"account":"HYPD Shop","created":75,"deleted":0,"finalRowCount":100,"level":"info","message":"Google Sheets full replacement completed","ok":true,"received":100,"syncId":"hypdshop-1790908539914","timestamp":"2026-10-02T02:35:48.434Z","unchanged":0,"updated":25}
{"accountId":"hypdshop","accountName":"HYPD Shop","created":75,"deleted":0,"durationSeconds":15,"finalRowCount":100,"level":"info","message":"Account sync completed","mode":"full","ok":true,"pagesScraped":1,"paginationComplete":true,"received":100,"records":100,"stopReason":"single-page-100-row-mode","timestamp":"2026-10-02T02:35:48.434Z","unchanged":0,"updated":25}
{"account":"HYPD Shop","level":"debug","message":"Saved Playwright storage state","path":"C:\\Users\\Krishna\\Downloads\\uppromote-sheets-sync-step1\\uppromote-sheets-sync-step1\\playwright-session\\storage-state.json","timestamp":"2026-10-02T02:35:48.493Z"}
{"account":"HYPD Shop","level":"warn","message":"Resetting browser session","timestamp":"2026-10-02T02:35:48.493Z"}
{"accountCount":1,"accounts":[{"accountId":"hypdshop","accountName":"HYPD Shop","created":75,"deleted":0,"durationSeconds":15,"finalRowCount":100,"mode":"full","ok":true,"pagesScraped":1,"paginationComplete":true,"received":100,"records":100,"stopReason":"single-page-100-row-mode","unchanged":0,"updated":25}],"completedAt":"2026-10-02T02:35:50.103Z","durationSeconds":17,"failed":0,"level":"info","message":"Multi-account sync finished","mode":"full","startedAt":"2026-10-02T02:35:33.412Z","succeeded":1,"timestamp":"2026-10-02T02:35:50.103Z"}
{"accountCount":1,"level":"info","message":"Multi-account sync started","mode":"full","startedAt":"2026-10-02T03:05:32.838Z","timestamp":"2026-10-02T03:05:32.839Z"}
{"accountId":"hypdshop","accountName":"HYPD Shop","level":"info","message":"Starting account sync","timestamp":"2026-10-02T03:05:32.841Z"}
{"account":"HYPD Shop","headless":true,"level":"info","message":"Launching Playwright browser","timestamp":"2026-10-02T03:05:32.842Z"}
{"account":"HYPD Shop","level":"info","message":"Browser session ready","reusedStoredSession":true,"timestamp":"2026-10-02T03:05:34.695Z"}
{"account":"HYPD Shop","level":"info","message":"Already authenticated (reused session)","timestamp":"2026-10-02T03:05:40.349Z"}
{"level":"debug","message":"Set table page length to maximum","timestamp":"2026-10-02T03:05:44.086Z","value":"100"}
{"level":"info","maxRows":100,"message":"Scraped current orders page","rowsFound":25,"timestamp":"2026-10-02T03:05:44.237Z"}
{"accountId":"hypdshop","accountName":"HYPD Shop","challenge":false,"level":"error","message":"Account sync failed Unsupported action","stack":"Error: Unsupported action\n    at postJson (file:///C:/Users/Krishna/Downloads/uppromote-sheets-sync-step1/uppromote-sheets-sync-step1/sheets/writer.js:91:11)\n    at process.processTicksAndRejections (node:internal/process/task_queues:104:5)\n    at async replaceAccountOrders (file:///C:/Users/Krishna/Downloads/uppromote-sheets-sync-step1/uppromote-sheets-sync-step1/sheets/writer.js:105:18)\n    at async runSync (file:///C:/Users/Krishna/Downloads/uppromote-sheets-sync-step1/uppromote-sheets-sync-step1/sync/syncEngine.js:41:29)\n    at async file:///C:/Users/Krishna/Downloads/uppromote-sheets-sync-step1/uppromote-sheets-sync-step1/runner.js:5:18","timestamp":"2026-10-02T03:05:46.296Z"}
{"account":"HYPD Shop","level":"debug","message":"Saved Playwright storage state","path":"C:\\Users\\Krishna\\Downloads\\uppromote-sheets-sync-step1\\uppromote-sheets-sync-step1\\playwright-session\\storage-state.json","timestamp":"2026-10-02T03:05:46.354Z"}
{"account":"HYPD Shop","level":"warn","message":"Resetting browser session","timestamp":"2026-10-02T03:05:46.354Z"}
{"accountCount":1,"accounts":[{"accountId":"hypdshop","accountName":"HYPD Shop","challenge":null,"message":"Unsupported action","ok":false}],"completedAt":"2026-10-02T03:05:46.947Z","durationSeconds":14,"failed":1,"level":"info","message":"Multi-account sync finished","mode":"full","startedAt":"2026-10-02T03:05:32.838Z","succeeded":0,"timestamp":"2026-10-02T03:05:46.947Z"}
{"accountCount":1,"level":"info","message":"Multi-account sync started","mode":"full","startedAt":"2026-10-02T03:08:02.823Z","timestamp":"2026-10-02T03:08:02.824Z"}
{"accountId":"hypdshop","accountName":"HYPD Shop","level":"info","message":"Starting account sync","timestamp":"2026-10-02T03:08:02.826Z"}
{"account":"HYPD Shop","headless":true,"level":"info","message":"Launching Playwright browser","timestamp":"2026-10-02T03:08:02.826Z"}
{"account":"HYPD Shop","level":"info","message":"Browser session ready","reusedStoredSession":true,"timestamp":"2026-10-02T03:08:03.105Z"}
{"account":"HYPD Shop","level":"info","message":"Already authenticated (reused session)","timestamp":"2026-10-02T03:08:06.196Z"}
{"level":"debug","message":"Set table page length to maximum","timestamp":"2026-10-02T03:08:09.386Z","value":"100"}
{"level":"info","maxRows":100,"message":"Scraped current orders page","rowsFound":100,"timestamp":"2026-10-02T03:08:09.640Z"}
{"accountId":"hypdshop","accountName":"HYPD Shop","challenge":false,"level":"error","message":"Account sync failed Unsupported action","stack":"Error: Unsupported action\n    at postJson (file:///C:/Users/Krishna/Downloads/uppromote-sheets-sync-step1/uppromote-sheets-sync-step1/sheets/writer.js:91:11)\n    at process.processTicksAndRejections (node:internal/process/task_queues:104:5)\n    at async replaceAccountOrders (file:///C:/Users/Krishna/Downloads/uppromote-sheets-sync-step1/uppromote-sheets-sync-step1/sheets/writer.js:105:18)\n    at async runSync (file:///C:/Users/Krishna/Downloads/uppromote-sheets-sync-step1/uppromote-sheets-sync-step1/sync/syncEngine.js:41:29)\n    at async file:///C:/Users/Krishna/Downloads/uppromote-sheets-sync-step1/uppromote-sheets-sync-step1/runner.js:5:18","timestamp":"2026-10-02T03:08:11.887Z"}
{"account":"HYPD Shop","level":"debug","message":"Saved Playwright storage state","path":"C:\\Users\\Krishna\\Downloads\\uppromote-sheets-sync-step1\\uppromote-sheets-sync-step1\\playwright-session\\storage-state.json","timestamp":"2026-10-02T03:08:11.954Z"}
{"account":"HYPD Shop","level":"warn","message":"Resetting browser session","timestamp":"2026-10-02T03:08:11.955Z"}
{"accountCount":1,"accounts":[{"accountId":"hypdshop","accountName":"HYPD Shop","challenge":null,"message":"Unsupported action","ok":false}],"completedAt":"2026-10-02T03:08:12.542Z","durationSeconds":10,"failed":1,"level":"info","message":"Multi-account sync finished","mode":"full","startedAt":"2026-10-02T03:08:02.823Z","succeeded":0,"timestamp":"2026-10-02T03:08:12.542Z"}
{"accountCount":1,"level":"info","message":"Multi-account sync started","mode":"full","startedAt":"2026-10-02T03:11:00.454Z","timestamp":"2026-10-02T03:11:00.455Z"}
{"accountId":"hypdshop","accountName":"HYPD Shop","level":"info","message":"Starting account sync","timestamp":"2026-10-02T03:11:00.456Z"}
{"account":"HYPD Shop","headless":true,"level":"info","message":"Launching Playwright browser","timestamp":"2026-10-02T03:11:00.457Z"}
{"account":"HYPD Shop","level":"info","message":"Browser session ready","reusedStoredSession":true,"timestamp":"2026-10-02T03:11:00.721Z"}
{"account":"HYPD Shop","level":"info","message":"Already authenticated (reused session)","timestamp":"2026-10-02T03:11:03.478Z"}
{"level":"debug","message":"Set table page length to maximum","timestamp":"2026-10-02T03:11:08.036Z","value":"100"}
{"level":"info","maxRows":100,"message":"Scraped current orders page","rowsFound":100,"timestamp":"2026-10-02T03:11:08.355Z"}
{"accepted":100,"account":"HYPD Shop","finalRowCount":100,"keptOtherAccounts":0,"level":"info","message":"Google Sheets account replacement completed","ok":true,"received":100,"removedOld":100,"timestamp":"2026-10-02T03:11:12.345Z","written":100}
{"accepted":100,"accountId":"hypdshop","accountName":"HYPD Shop","durationSeconds":12,"finalRowCount":100,"keptOtherAccounts":0,"level":"info","message":"Account sync completed","mode":"full","ok":true,"pagesScraped":1,"paginationComplete":true,"received":100,"records":100,"removedOld":100,"stopReason":"single-page-100-row-mode","timestamp":"2026-10-02T03:11:12.346Z","written":100}
{"account":"HYPD Shop","level":"debug","message":"Saved Playwright storage state","path":"C:\\Users\\Krishna\\Downloads\\uppromote-sheets-sync-step1\\uppromote-sheets-sync-step1\\playwright-session\\storage-state.json","timestamp":"2026-10-02T03:11:12.404Z"}
{"account":"HYPD Shop","level":"warn","message":"Resetting browser session","timestamp":"2026-10-02T03:11:12.405Z"}
{"accountCount":1,"accounts":[{"accepted":100,"accountId":"hypdshop","accountName":"HYPD Shop","durationSeconds":12,"finalRowCount":100,"keptOtherAccounts":0,"mode":"full","ok":true,"pagesScraped":1,"paginationComplete":true,"received":100,"records":100,"removedOld":100,"stopReason":"single-page-100-row-mode","written":100}],"completedAt":"2026-10-02T03:11:12.991Z","durationSeconds":13,"failed":0,"level":"info","message":"Multi-account sync finished","mode":"full","startedAt":"2026-10-02T03:11:00.454Z","succeeded":1,"timestamp":"2026-10-02T03:11:12.991Z"}
{"accountCount":10,"level":"info","message":"Multi-account sync started","mode":"full","startedAt":"2026-10-02T05:06:33.795Z","timestamp":"2026-10-02T05:06:33.797Z"}
{"accountId":"dilsher","accountName":"Dilsher","level":"info","message":"Starting account sync","timestamp":"2026-10-02T05:06:33.799Z"}
{"account":"Dilsher","headless":false,"level":"info","message":"Launching Playwright browser","timestamp":"2026-10-02T05:06:33.799Z"}
{"account":"Dilsher","level":"info","message":"Browser session ready","reusedStoredSession":true,"timestamp":"2026-10-02T05:06:35.717Z"}
{"account":"Dilsher","level":"info","message":"Already authenticated (reused session)","timestamp":"2026-10-02T05:06:38.545Z"}
{"level":"debug","message":"Set table page length to maximum","timestamp":"2026-10-02T05:06:45.633Z","value":"100"}
{"level":"info","maxRows":100,"message":"Scraped current orders page","rowsFound":100,"timestamp":"2026-10-02T05:06:45.956Z"}
{"accepted":100,"account":"Dilsher","finalRowCount":200,"keptOtherAccounts":100,"level":"info","message":"Google Sheets account replacement completed","ok":true,"received":100,"removedOld":0,"timestamp":"2026-10-02T05:06:49.966Z","written":100}
{"accepted":100,"accountId":"dilsher","accountName":"Dilsher","durationSeconds":16,"finalRowCount":200,"keptOtherAccounts":100,"level":"info","message":"Account sync completed","mode":"full","ok":true,"pagesScraped":1,"paginationComplete":true,"received":100,"records":100,"removedOld":0,"stopReason":"single-page-100-row-mode","timestamp":"2026-10-02T05:06:49.967Z","written":100}
{"account":"Dilsher","level":"debug","message":"Saved Playwright storage state","path":"C:\\Users\\Krishna\\Downloads\\uppromote-sheets-sync-step1\\uppromote-sheets-sync-step1\\playwright-session\\storage-state.json","timestamp":"2026-10-02T05:06:50.054Z"}
{"account":"Dilsher","level":"warn","message":"Resetting browser session","timestamp":"2026-10-02T05:06:50.055Z"}
{"accountId":"aryan","accountName":"Aryan","level":"info","message":"Starting account sync","timestamp":"2026-10-02T05:06:50.328Z"}
{"account":"Aryan","headless":false,"level":"info","message":"Launching Playwright browser","timestamp":"2026-10-02T05:06:50.328Z"}
{"account":"Aryan","level":"info","message":"Browser session ready","reusedStoredSession":false,"timestamp":"2026-10-02T05:06:50.656Z"}
{"html":"logs/challenge-aryan-captcha.html","level":"info","message":"Saved challenge evidence","screenshot":"logs/challenge-aryan-captcha.png","timestamp":"2026-10-02T05:06:54.681Z"}
{"level":"info","message":"Waiting up to 300s for you to complete the CAPTCHA challenge in the open browser window...","timestamp":"2026-10-02T05:06:54.682Z"}
{"account":"Aryan","level":"debug","message":"Saved Playwright storage state","path":"C:\\Users\\Krishna\\Downloads\\uppromote-sheets-sync-step1\\uppromote-sheets-sync-step1\\playwright-session\\aryan.json","timestamp":"2026-10-02T05:08:25.045Z"}
{"level":"info","message":"Challenge resolved manually, session saved","timestamp":"2026-10-02T05:08:25.046Z"}
{"level":"debug","message":"Set table page length to maximum","timestamp":"2026-10-02T05:08:32.505Z","value":"100"}
{"level":"info","maxRows":100,"message":"Scraped current orders page","rowsFound":100,"timestamp":"2026-10-02T05:08:32.857Z"}
{"accepted":100,"account":"Aryan","finalRowCount":300,"keptOtherAccounts":200,"level":"info","message":"Google Sheets account replacement completed","ok":true,"received":100,"removedOld":0,"timestamp":"2026-10-02T05:08:37.943Z","written":100}
{"accepted":100,"accountId":"aryan","accountName":"Aryan","durationSeconds":108,"finalRowCount":300,"keptOtherAccounts":200,"level":"info","message":"Account sync completed","mode":"full","ok":true,"pagesScraped":1,"paginationComplete":true,"received":100,"records":100,"removedOld":0,"stopReason":"single-page-100-row-mode","timestamp":"2026-10-02T05:08:37.943Z","written":100}
{"account":"Aryan","level":"debug","message":"Saved Playwright storage state","path":"C:\\Users\\Krishna\\Downloads\\uppromote-sheets-sync-step1\\uppromote-sheets-sync-step1\\playwright-session\\aryan.json","timestamp":"2026-10-02T05:08:38.023Z"}
{"account":"Aryan","level":"warn","message":"Resetting browser session","timestamp":"2026-10-02T05:08:38.024Z"}
{"accountId":"aastha","accountName":"Aastha","level":"info","message":"Starting account sync","timestamp":"2026-10-02T05:08:38.297Z"}
{"account":"Aastha","headless":false,"level":"info","message":"Launching Playwright browser","timestamp":"2026-10-02T05:08:38.298Z"}
{"account":"Aastha","level":"info","message":"Browser session ready","reusedStoredSession":false,"timestamp":"2026-10-02T05:08:38.643Z"}
{"level":"info","message":"Login required, submitting authorized credentials","timestamp":"2026-10-02T05:08:40.487Z"}
{"html":"logs/challenge-aastha-captcha.html","level":"info","message":"Saved challenge evidence","screenshot":"logs/challenge-aastha-captcha.png","timestamp":"2026-10-02T05:08:44.588Z"}
{"level":"info","message":"Waiting up to 300s for you to complete the CAPTCHA challenge in the open browser window...","timestamp":"2026-10-02T05:08:44.588Z"}
{"account":"Aastha","level":"debug","message":"Saved Playwright storage state","path":"C:\\Users\\Krishna\\Downloads\\uppromote-sheets-sync-step1\\uppromote-sheets-sync-step1\\playwright-session\\aastha.json","timestamp":"2026-10-02T05:09:13.812Z"}
{"level":"info","message":"Challenge resolved manually, session saved","timestamp":"2026-10-02T05:09:13.812Z"}
{"level":"debug","message":"Set table page length to maximum","timestamp":"2026-10-02T05:09:18.052Z","value":"100"}
{"level":"info","maxRows":100,"message":"Scraped current orders page","rowsFound":100,"timestamp":"2026-10-02T05:09:18.385Z"}
{"accepted":97,"account":"Aastha","finalRowCount":397,"keptOtherAccounts":300,"level":"info","message":"Google Sheets account replacement completed","ok":true,"received":100,"removedOld":0,"timestamp":"2026-10-02T05:09:23.283Z","written":97}
{"accepted":97,"accountId":"aastha","accountName":"Aastha","durationSeconds":45,"finalRowCount":397,"keptOtherAccounts":300,"level":"info","message":"Account sync completed","mode":"full","ok":true,"pagesScraped":1,"paginationComplete":true,"received":100,"records":100,"removedOld":0,"stopReason":"single-page-100-row-mode","timestamp":"2026-10-02T05:09:23.284Z","written":97}
{"account":"Aastha","level":"debug","message":"Saved Playwright storage state","path":"C:\\Users\\Krishna\\Downloads\\uppromote-sheets-sync-step1\\uppromote-sheets-sync-step1\\playwright-session\\aastha.json","timestamp":"2026-10-02T05:09:23.364Z"}
{"account":"Aastha","level":"warn","message":"Resetting browser session","timestamp":"2026-10-02T05:09:23.365Z"}
{"accountId":"sayan","accountName":"Sayan","level":"info","message":"Starting account sync","timestamp":"2026-10-02T05:09:23.599Z"}
{"account":"Sayan","headless":false,"level":"info","message":"Launching Playwright browser","timestamp":"2026-10-02T05:09:23.599Z"}
{"account":"Sayan","level":"info","message":"Browser session ready","reusedStoredSession":false,"timestamp":"2026-10-02T05:09:23.922Z"}
{"level":"info","message":"Login required, submitting authorized credentials","timestamp":"2026-10-02T05:09:26.579Z"}
{"html":"logs/challenge-sayan-captcha.html","level":"info","message":"Saved challenge evidence","screenshot":"logs/challenge-sayan-captcha.png","timestamp":"2026-10-02T05:09:30.141Z"}
{"level":"info","message":"Waiting up to 300s for you to complete the CAPTCHA challenge in the open browser window...","timestamp":"2026-10-02T05:09:30.141Z"}
{"account":"Sayan","level":"debug","message":"Saved Playwright storage state","path":"C:\\Users\\Krishna\\Downloads\\uppromote-sheets-sync-step1\\uppromote-sheets-sync-step1\\playwright-session\\sayan.json","timestamp":"2026-10-02T05:10:05.193Z"}
{"level":"info","message":"Challenge resolved manually, session saved","timestamp":"2026-10-02T05:10:05.193Z"}
{"level":"debug","message":"Set table page length to maximum","timestamp":"2026-10-02T05:10:16.526Z","value":"100"}
{"level":"info","maxRows":100,"message":"Scraped current orders page","rowsFound":100,"timestamp":"2026-10-02T05:10:16.897Z"}
{"accepted":100,"account":"Sayan","finalRowCount":497,"keptOtherAccounts":397,"level":"info","message":"Google Sheets account replacement completed","ok":true,"received":100,"removedOld":0,"timestamp":"2026-10-02T05:10:23.444Z","written":100}
{"accepted":100,"accountId":"sayan","accountName":"Sayan","durationSeconds":60,"finalRowCount":497,"keptOtherAccounts":397,"level":"info","message":"Account sync completed","mode":"full","ok":true,"pagesScraped":1,"paginationComplete":true,"received":100,"records":100,"removedOld":0,"stopReason":"single-page-100-row-mode","timestamp":"2026-10-02T05:10:23.445Z","written":100}
{"account":"Sayan","level":"debug","message":"Saved Playwright storage state","path":"C:\\Users\\Krishna\\Downloads\\uppromote-sheets-sync-step1\\uppromote-sheets-sync-step1\\playwright-session\\sayan.json","timestamp":"2026-10-02T05:10:23.537Z"}
{"account":"Sayan","level":"warn","message":"Resetting browser session","timestamp":"2026-10-02T05:10:23.538Z"}
{"accountId":"ayush","accountName":"Ayush","level":"info","message":"Starting account sync","timestamp":"2026-10-02T05:10:23.838Z"}
{"account":"Ayush","headless":false,"level":"info","message":"Launching Playwright browser","timestamp":"2026-10-02T05:10:23.839Z"}
{"account":"Ayush","level":"info","message":"Browser session ready","reusedStoredSession":false,"timestamp":"2026-10-02T05:10:24.202Z"}
{"level":"info","message":"Login required, submitting authorized credentials","timestamp":"2026-10-02T05:10:25.966Z"}
{"html":"logs/challenge-ayush-captcha.html","level":"info","message":"Saved challenge evidence","screenshot":"logs/challenge-ayush-captcha.png","timestamp":"2026-10-02T05:10:29.480Z"}
{"level":"info","message":"Waiting up to 300s for you to complete the CAPTCHA challenge in the open browser window...","timestamp":"2026-10-02T05:10:29.480Z"}
{"account":"Ayush","level":"debug","message":"Saved Playwright storage state","path":"C:\\Users\\Krishna\\Downloads\\uppromote-sheets-sync-step1\\uppromote-sheets-sync-step1\\playwright-session\\ayush.json","timestamp":"2026-10-02T05:10:59.663Z"}
{"level":"info","message":"Challenge resolved manually, session saved","timestamp":"2026-10-02T05:10:59.664Z"}
{"level":"debug","message":"Set table page length to maximum","timestamp":"2026-10-02T05:11:03.565Z","value":"100"}
{"level":"info","maxRows":100,"message":"Scraped current orders page","rowsFound":25,"timestamp":"2026-10-02T05:11:03.649Z"}
{"accepted":25,"account":"Ayush","finalRowCount":522,"keptOtherAccounts":497,"level":"info","message":"Google Sheets account replacement completed","ok":true,"received":25,"removedOld":0,"timestamp":"2026-10-02T05:11:25.823Z","written":25}
{"accepted":25,"accountId":"ayush","accountName":"Ayush","durationSeconds":62,"finalRowCount":522,"keptOtherAccounts":497,"level":"info","message":"Account sync completed","mode":"full","ok":true,"pagesScraped":1,"paginationComplete":true,"received":25,"records":25,"removedOld":0,"stopReason":"single-page-100-row-mode","timestamp":"2026-10-02T05:11:25.824Z","written":25}
{"account":"Ayush","level":"debug","message":"Saved Playwright storage state","path":"C:\\Users\\Krishna\\Downloads\\uppromote-sheets-sync-step1\\uppromote-sheets-sync-step1\\playwright-session\\ayush.json","timestamp":"2026-10-02T05:11:25.928Z"}
{"account":"Ayush","level":"warn","message":"Resetting browser session","timestamp":"2026-10-02T05:11:25.929Z"}
{"accountId":"prathmesh","accountName":"Prathmesh","level":"info","message":"Starting account sync","timestamp":"2026-10-02T05:11:26.193Z"}
{"account":"Prathmesh","headless":false,"level":"info","message":"Launching Playwright browser","timestamp":"2026-10-02T05:11:26.193Z"}
{"account":"Prathmesh","level":"info","message":"Browser session ready","reusedStoredSession":false,"timestamp":"2026-10-02T05:11:26.538Z"}
{"level":"info","message":"Login required, submitting authorized credentials","timestamp":"2026-10-02T05:11:28.217Z"}
{"html":"logs/challenge-prathmesh-captcha.html","level":"info","message":"Saved challenge evidence","screenshot":"logs/challenge-prathmesh-captcha.png","timestamp":"2026-10-02T05:11:31.888Z"}
{"level":"info","message":"Waiting up to 300s for you to complete the CAPTCHA challenge in the open browser window...","timestamp":"2026-10-02T05:11:31.889Z"}
{"account":"Prathmesh","level":"debug","message":"Saved Playwright storage state","path":"C:\\Users\\Krishna\\Downloads\\uppromote-sheets-sync-step1\\uppromote-sheets-sync-step1\\playwright-session\\prathmesh.json","timestamp":"2026-10-02T05:11:56.203Z"}
{"level":"info","message":"Challenge resolved manually, session saved","timestamp":"2026-10-02T05:11:56.203Z"}
{"level":"debug","message":"Set table page length to maximum","timestamp":"2026-10-02T05:11:59.939Z","value":"100"}
{"level":"info","maxRows":100,"message":"Scraped current orders page","rowsFound":25,"timestamp":"2026-10-02T05:12:00.086Z"}
{"account":"Prathmesh","level":"info","message":"Google Sheets account replacement completed","ok":true,"service":"uppromote-sheets-sync","timestamp":"2026-10-02T05:13:31.081Z","version":4}
{"accountId":"prathmesh","accountName":"Prathmesh","durationSeconds":125,"level":"info","message":"Account sync completed","mode":"full","ok":true,"pagesScraped":1,"paginationComplete":true,"records":25,"service":"uppromote-sheets-sync","stopReason":"single-page-100-row-mode","timestamp":"2026-10-02T05:13:31.082Z","version":4}
{"account":"Prathmesh","level":"debug","message":"Saved Playwright storage state","path":"C:\\Users\\Krishna\\Downloads\\uppromote-sheets-sync-step1\\uppromote-sheets-sync-step1\\playwright-session\\prathmesh.json","timestamp":"2026-10-02T05:13:31.159Z"}
{"account":"Prathmesh","level":"warn","message":"Resetting browser session","timestamp":"2026-10-02T05:13:31.160Z"}
{"accountId":"team","accountName":"Team","level":"info","message":"Starting account sync","timestamp":"2026-10-02T05:13:31.400Z"}
{"account":"Team","headless":false,"level":"info","message":"Launching Playwright browser","timestamp":"2026-10-02T05:13:31.400Z"}
{"account":"Team","level":"info","message":"Browser session ready","reusedStoredSession":false,"timestamp":"2026-10-02T05:13:31.754Z"}
{"level":"info","message":"Login required, submitting authorized credentials","timestamp":"2026-10-02T05:13:33.510Z"}
{"html":"logs/challenge-team-captcha.html","level":"info","message":"Saved challenge evidence","screenshot":"logs/challenge-team-captcha.png","timestamp":"2026-10-02T05:13:37.142Z"}
{"level":"info","message":"Waiting up to 300s for you to complete the CAPTCHA challenge in the open browser window...","timestamp":"2026-10-02T05:13:37.143Z"}
{"account":"Team","level":"debug","message":"Saved Playwright storage state","path":"C:\\Users\\Krishna\\Downloads\\uppromote-sheets-sync-step1\\uppromote-sheets-sync-step1\\playwright-session\\team.json","timestamp":"2026-10-02T05:14:07.527Z"}
{"level":"info","message":"Challenge resolved manually, session saved","timestamp":"2026-10-02T05:14:07.528Z"}
{"level":"debug","message":"Set table page length to maximum","timestamp":"2026-10-02T05:14:11.103Z","value":"100"}
{"level":"info","maxRows":100,"message":"Scraped current orders page","rowsFound":0,"timestamp":"2026-10-02T05:14:11.114Z"}
{"accountId":"team","accountName":"Team","challenge":false,"level":"error","message":"Account sync failed Refusing to replace account Team with an empty dataset","stack":"Error: Refusing to replace account Team with an empty dataset\n    at replaceAccountOrders (file:///C:/Users/Krishna/Downloads/uppromote-sheets-sync-step1/uppromote-sheets-sync-step1/sheets/writer.js:101:11)\n    at runSync (file:///C:/Users/Krishna/Downloads/uppromote-sheets-sync-step1/uppromote-sheets-sync-step1/sync/syncEngine.js:41:35)\n    at async file:///C:/Users/Krishna/Downloads/uppromote-sheets-sync-step1/uppromote-sheets-sync-step1/runner.js:5:18","timestamp":"2026-10-02T05:14:11.114Z"}
{"account":"Team","level":"debug","message":"Saved Playwright storage state","path":"C:\\Users\\Krishna\\Downloads\\uppromote-sheets-sync-step1\\uppromote-sheets-sync-step1\\playwright-session\\team.json","timestamp":"2026-10-02T05:14:11.187Z"}
{"account":"Team","level":"warn","message":"Resetting browser session","timestamp":"2026-10-02T05:14:11.187Z"}
{"accountId":"reet","accountName":"Reet","level":"info","message":"Starting account sync","timestamp":"2026-10-02T05:14:11.494Z"}
{"account":"Reet","headless":false,"level":"info","message":"Launching Playwright browser","timestamp":"2026-10-02T05:14:11.494Z"}
{"account":"Reet","level":"info","message":"Browser session ready","reusedStoredSession":false,"timestamp":"2026-10-02T05:14:11.825Z"}
{"level":"info","message":"Login required, submitting authorized credentials","timestamp":"2026-10-02T05:14:13.590Z"}
{"html":"logs/challenge-reet-captcha.html","level":"info","message":"Saved challenge evidence","screenshot":"logs/challenge-reet-captcha.png","timestamp":"2026-10-02T05:14:17.909Z"}
{"level":"info","message":"Waiting up to 300s for you to complete the CAPTCHA challenge in the open browser window...","timestamp":"2026-10-02T05:14:17.910Z"}
{"account":"Reet","level":"debug","message":"Saved Playwright storage state","path":"C:\\Users\\Krishna\\Downloads\\uppromote-sheets-sync-step1\\uppromote-sheets-sync-step1\\playwright-session\\reet.json","timestamp":"2026-10-02T05:14:43.060Z"}
{"level":"info","message":"Challenge resolved manually, session saved","timestamp":"2026-10-02T05:14:43.060Z"}
{"level":"debug","message":"Set table page length to maximum","timestamp":"2026-10-02T05:14:46.860Z","value":"100"}
{"level":"info","maxRows":100,"message":"Scraped current orders page","rowsFound":100,"timestamp":"2026-10-02T05:14:47.192Z"}
{"accepted":100,"account":"Reet","finalRowCount":647,"keptOtherAccounts":547,"level":"info","message":"Google Sheets account replacement completed","ok":true,"received":100,"removedOld":0,"timestamp":"2026-10-02T05:14:56.850Z","written":100}
{"accepted":100,"accountId":"reet","accountName":"Reet","durationSeconds":45,"finalRowCount":647,"keptOtherAccounts":547,"level":"info","message":"Account sync completed","mode":"full","ok":true,"pagesScraped":1,"paginationComplete":true,"received":100,"records":100,"removedOld":0,"stopReason":"single-page-100-row-mode","timestamp":"2026-10-02T05:14:56.851Z","written":100}
{"account":"Reet","level":"debug","message":"Saved Playwright storage state","path":"C:\\Users\\Krishna\\Downloads\\uppromote-sheets-sync-step1\\uppromote-sheets-sync-step1\\playwright-session\\reet.json","timestamp":"2026-10-02T05:14:56.928Z"}
{"account":"Reet","level":"warn","message":"Resetting browser session","timestamp":"2026-10-02T05:14:56.929Z"}
{"accountId":"krishna","accountName":"Krishna","level":"info","message":"Starting account sync","timestamp":"2026-10-02T05:14:57.218Z"}
{"account":"Krishna","headless":false,"level":"info","message":"Launching Playwright browser","timestamp":"2026-10-02T05:14:57.218Z"}
{"account":"Krishna","level":"info","message":"Browser session ready","reusedStoredSession":false,"timestamp":"2026-10-02T05:14:57.559Z"}
{"level":"info","message":"Login required, submitting authorized credentials","timestamp":"2026-10-02T05:14:59.396Z"}
{"html":"logs/challenge-krishna-captcha.html","level":"info","message":"Saved challenge evidence","screenshot":"logs/challenge-krishna-captcha.png","timestamp":"2026-10-02T05:15:02.913Z"}
{"level":"info","message":"Waiting up to 300s for you to complete the CAPTCHA challenge in the open browser window...","timestamp":"2026-10-02T05:15:02.913Z"}
{"account":"Krishna","level":"debug","message":"Saved Playwright storage state","path":"C:\\Users\\Krishna\\Downloads\\uppromote-sheets-sync-step1\\uppromote-sheets-sync-step1\\playwright-session\\krishna.json","timestamp":"2026-10-02T05:15:38.563Z"}
{"level":"info","message":"Challenge resolved manually, session saved","timestamp":"2026-10-02T05:15:38.564Z"}
{"level":"debug","message":"Set table page length to maximum","timestamp":"2026-10-02T05:15:42.314Z","value":"100"}
{"level":"info","maxRows":100,"message":"Scraped current orders page","rowsFound":39,"timestamp":"2026-10-02T05:15:42.406Z"}
{"accountId":"krishna","accountName":"Krishna","challenge":false,"level":"error","message":"Account sync failed Apps Script returned non-JSON response (HTTP 404): <!DOCTYPE html><html lang=\"en\"><head><script nonce=\"wP1PTtmYk2ZlNOizaFzm_A\">window['ppConfig'] = {productName: '26981ed0d57bbad37e728ff58134270c', deleteIsEnforced:  false , sealIsEnforced:  false , heartbeatRate:  0.5 , periodicReportingRateMillis:  60000.0 , disableAllReporting:  false };(function(){'use strict';function k(a){var b=0;return function(){return b<a.length?{done:!1,value:a[b++]}:{done:!0}}}function l(a){var b=typeof Symbol!=\"undefined\"&&Symbol.iterator&&a[Symbol.iterator];if(b)ret","stack":"Error: Apps Script returned non-JSON response (HTTP 404): <!DOCTYPE html><html lang=\"en\"><head><script nonce=\"wP1PTtmYk2ZlNOizaFzm_A\">window['ppConfig'] = {productName: '26981ed0d57bbad37e728ff58134270c', deleteIsEnforced:  false , sealIsEnforced:  false , heartbeatRate:  0.5 , periodicReportingRateMillis:  60000.0 , disableAllReporting:  false };(function(){'use strict';function k(a){var b=0;return function(){return b<a.length?{done:!1,value:a[b++]}:{done:!0}}}function l(a){var b=typeof Symbol!=\"undefined\"&&Symbol.iterator&&a[Symbol.iterator];if(b)ret\n    at postJson (file:///C:/Users/Krishna/Downloads/uppromote-sheets-sync-step1/uppromote-sheets-sync-step1/sheets/writer.js:87:11)\n    at process.processTicksAndRejections (node:internal/process/task_queues:104:5)\n    at async replaceAccountOrders (file:///C:/Users/Krishna/Downloads/uppromote-sheets-sync-step1/uppromote-sheets-sync-step1/sheets/writer.js:105:18)\n    at async runSync (file:///C:/Users/Krishna/Downloads/uppromote-sheets-sync-step1/uppromote-sheets-sync-step1/sync/syncEngine.js:41:29)\n    at async file:///C:/Users/Krishna/Downloads/uppromote-sheets-sync-step1/uppromote-sheets-sync-step1/runner.js:5:18","timestamp":"2026-10-02T05:16:03.798Z"}
{"account":"Krishna","level":"debug","message":"Saved Playwright storage state","path":"C:\\Users\\Krishna\\Downloads\\uppromote-sheets-sync-step1\\uppromote-sheets-sync-step1\\playwright-session\\krishna.json","timestamp":"2026-10-02T05:16:03.878Z"}
{"account":"Krishna","level":"warn","message":"Resetting browser session","timestamp":"2026-10-02T05:16:03.879Z"}
{"accountId":"sayan_socialnorm","accountName":"Sayan - SocialNorm","level":"info","message":"Starting account sync","timestamp":"2026-10-02T05:16:04.139Z"}
{"account":"Sayan - SocialNorm","headless":false,"level":"info","message":"Launching Playwright browser","timestamp":"2026-10-02T05:16:04.140Z"}
{"account":"Sayan - SocialNorm","level":"info","message":"Browser session ready","reusedStoredSession":false,"timestamp":"2026-10-02T05:16:04.489Z"}
{"level":"info","message":"Login required, submitting authorized credentials","timestamp":"2026-10-02T05:16:06.246Z"}
{"html":"logs/challenge-sayan_socialnorm-captcha.html","level":"info","message":"Saved challenge evidence","screenshot":"logs/challenge-sayan_socialnorm-captcha.png","timestamp":"2026-10-02T05:16:09.768Z"}
{"level":"info","message":"Waiting up to 300s for you to complete the CAPTCHA challenge in the open browser window...","timestamp":"2026-10-02T05:16:09.769Z"}
{"account":"Sayan - SocialNorm","level":"debug","message":"Saved Playwright storage state","path":"C:\\Users\\Krishna\\Downloads\\uppromote-sheets-sync-step1\\uppromote-sheets-sync-step1\\playwright-session\\sayan_socialnorm.json","timestamp":"2026-10-02T05:16:33.597Z"}
{"level":"info","message":"Challenge resolved manually, session saved","timestamp":"2026-10-02T05:16:33.597Z"}
{"level":"debug","message":"Set table page length to maximum","timestamp":"2026-10-02T05:16:37.347Z","value":"100"}
{"level":"info","maxRows":100,"message":"Scraped current orders page","rowsFound":25,"timestamp":"2026-10-02T05:16:37.428Z"}
{"accepted":25,"account":"Sayan - SocialNorm","finalRowCount":711,"keptOtherAccounts":686,"level":"info","message":"Google Sheets account replacement completed","ok":true,"received":25,"removedOld":0,"timestamp":"2026-10-02T05:16:44.368Z","written":25}
{"accepted":25,"accountId":"sayan_socialnorm","accountName":"Sayan - SocialNorm","durationSeconds":40,"finalRowCount":711,"keptOtherAccounts":686,"level":"info","message":"Account sync completed","mode":"full","ok":true,"pagesScraped":1,"paginationComplete":true,"received":25,"records":25,"removedOld":0,"stopReason":"single-page-100-row-mode","timestamp":"2026-10-02T05:16:44.369Z","written":25}
{"account":"Sayan - SocialNorm","level":"debug","message":"Saved Playwright storage state","path":"C:\\Users\\Krishna\\Downloads\\uppromote-sheets-sync-step1\\uppromote-sheets-sync-step1\\playwright-session\\sayan_socialnorm.json","timestamp":"2026-10-02T05:16:44.452Z"}
{"account":"Sayan - SocialNorm","level":"warn","message":"Resetting browser session","timestamp":"2026-10-02T05:16:44.452Z"}
{"accountCount":10,"accounts":[{"accepted":100,"accountId":"dilsher","accountName":"Dilsher","durationSeconds":16,"finalRowCount":200,"keptOtherAccounts":100,"mode":"full","ok":true,"pagesScraped":1,"paginationComplete":true,"received":100,"records":100,"removedOld":0,"stopReason":"single-page-100-row-mode","written":100},{"accepted":100,"accountId":"aryan","accountName":"Aryan","durationSeconds":108,"finalRowCount":300,"keptOtherAccounts":200,"mode":"full","ok":true,"pagesScraped":1,"paginationComplete":true,"received":100,"records":100,"removedOld":0,"stopReason":"single-page-100-row-mode","written":100},{"accepted":97,"accountId":"aastha","accountName":"Aastha","durationSeconds":45,"finalRowCount":397,"keptOtherAccounts":300,"mode":"full","ok":true,"pagesScraped":1,"paginationComplete":true,"received":100,"records":100,"removedOld":0,"stopReason":"single-page-100-row-mode","written":97},{"accepted":100,"accountId":"sayan","accountName":"Sayan","durationSeconds":60,"finalRowCount":497,"keptOtherAccounts":397,"mode":"full","ok":true,"pagesScraped":1,"paginationComplete":true,"received":100,"records":100,"removedOld":0,"stopReason":"single-page-100-row-mode","written":100},{"accepted":25,"accountId":"ayush","accountName":"Ayush","durationSeconds":62,"finalRowCount":522,"keptOtherAccounts":497,"mode":"full","ok":true,"pagesScraped":1,"paginationComplete":true,"received":25,"records":25,"removedOld":0,"stopReason":"single-page-100-row-mode","written":25},{"accountId":"prathmesh","accountName":"Prathmesh","durationSeconds":125,"mode":"full","ok":true,"pagesScraped":1,"paginationComplete":true,"records":25,"service":"uppromote-sheets-sync","stopReason":"single-page-100-row-mode","version":4},{"accountId":"team","accountName":"Team","challenge":null,"message":"Refusing to replace account Team with an empty dataset","ok":false},{"accepted":100,"accountId":"reet","accountName":"Reet","durationSeconds":45,"finalRowCount":647,"keptOtherAccounts":547,"mode":"full","ok":true,"pagesScraped":1,"paginationComplete":true,"received":100,"records":100,"removedOld":0,"stopReason":"single-page-100-row-mode","written":100},{"accountId":"krishna","accountName":"Krishna","challenge":null,"message":"Apps Script returned non-JSON response (HTTP 404): <!DOCTYPE html><html lang=\"en\"><head><script nonce=\"wP1PTtmYk2ZlNOizaFzm_A\">window['ppConfig'] = {productName: '26981ed0d57bbad37e728ff58134270c', deleteIsEnforced:  false , sealIsEnforced:  false , heartbeatRate:  0.5 , periodicReportingRateMillis:  60000.0 , disableAllReporting:  false };(function(){'use strict';function k(a){var b=0;return function(){return b<a.length?{done:!1,value:a[b++]}:{done:!0}}}function l(a){var b=typeof Symbol!=\"undefined\"&&Symbol.iterator&&a[Symbol.iterator];if(b)ret","ok":false},{"accepted":25,"accountId":"sayan_socialnorm","accountName":"Sayan - SocialNorm","durationSeconds":40,"finalRowCount":711,"keptOtherAccounts":686,"mode":"full","ok":true,"pagesScraped":1,"paginationComplete":true,"received":25,"records":25,"removedOld":0,"stopReason":"single-page-100-row-mode","written":25}],"completedAt":"2026-10-02T05:16:44.693Z","durationSeconds":611,"failed":2,"level":"info","message":"Multi-account sync finished","mode":"full","startedAt":"2026-10-02T05:06:33.795Z","succeeded":8,"timestamp":"2026-10-02T05:16:44.693Z"}
{"accountCount":10,"level":"info","message":"Multi-account sync started","mode":"full","startedAt":"2026-10-02T05:17:19.263Z","timestamp":"2026-10-02T05:17:19.264Z"}
{"accountId":"dilsher","accountName":"Dilsher","level":"info","message":"Starting account sync","timestamp":"2026-10-02T05:17:19.265Z"}
{"account":"Dilsher","headless":false,"level":"info","message":"Launching Playwright browser","timestamp":"2026-10-02T05:17:19.266Z"}
{"account":"Dilsher","level":"info","message":"Browser session ready","reusedStoredSession":true,"timestamp":"2026-10-02T05:17:19.909Z"}
{"account":"Dilsher","level":"info","message":"Already authenticated (reused session)","timestamp":"2026-10-02T05:17:22.424Z"}
{"level":"debug","message":"Set table page length to maximum","timestamp":"2026-10-02T05:17:25.986Z","value":"100"}
{"level":"info","maxRows":100,"message":"Scraped current orders page","rowsFound":100,"timestamp":"2026-10-02T05:17:26.309Z"}
{"accountCount":10,"level":"info","message":"Multi-account sync started","mode":"full","startedAt":"2026-10-02T05:18:01.004Z","timestamp":"2026-10-02T05:18:01.005Z"}
{"accountId":"dilsher","accountName":"Dilsher","level":"info","message":"Starting account sync","timestamp":"2026-10-02T05:18:01.007Z"}
{"account":"Dilsher","headless":true,"level":"info","message":"Launching Playwright browser","timestamp":"2026-10-02T05:18:01.008Z"}
{"account":"Dilsher","level":"info","message":"Browser session ready","reusedStoredSession":true,"timestamp":"2026-10-02T05:18:02.739Z"}
{"account":"Dilsher","level":"info","message":"Already authenticated (reused session)","timestamp":"2026-10-02T05:18:08.052Z"}
{"level":"debug","message":"Set table page length to maximum","timestamp":"2026-10-02T05:18:12.529Z","value":"100"}
{"level":"info","maxRows":100,"message":"Scraped current orders page","rowsFound":100,"timestamp":"2026-10-02T05:18:12.768Z"}
{"accepted":100,"account":"Dilsher","finalRowCount":711,"keptOtherAccounts":611,"level":"info","message":"Google Sheets account replacement completed","ok":true,"received":100,"removedOld":100,"timestamp":"2026-10-02T05:18:22.844Z","written":100}
{"accepted":100,"accountId":"dilsher","accountName":"Dilsher","durationSeconds":22,"finalRowCount":711,"keptOtherAccounts":611,"level":"info","message":"Account sync completed","mode":"full","ok":true,"pagesScraped":1,"paginationComplete":true,"received":100,"records":100,"removedOld":100,"stopReason":"single-page-100-row-mode","timestamp":"2026-10-02T05:18:22.845Z","written":100}
{"account":"Dilsher","level":"debug","message":"Saved Playwright storage state","path":"C:\\Users\\Krishna\\Downloads\\uppromote-sheets-sync-step1\\uppromote-sheets-sync-step1\\playwright-session\\storage-state.json","timestamp":"2026-10-02T05:18:22.910Z"}
{"account":"Dilsher","level":"warn","message":"Resetting browser session","timestamp":"2026-10-02T05:18:22.910Z"}
{"accountId":"aryan","accountName":"Aryan","level":"info","message":"Starting account sync","timestamp":"2026-10-02T05:18:24.542Z"}
{"account":"Aryan","headless":true,"level":"info","message":"Launching Playwright browser","timestamp":"2026-10-02T05:18:24.542Z"}
{"account":"Aryan","level":"info","message":"Browser session ready","reusedStoredSession":true,"timestamp":"2026-10-02T05:18:24.793Z"}
{"account":"Aryan","level":"info","message":"Already authenticated (reused session)","timestamp":"2026-10-02T05:18:27.297Z"}
{"level":"debug","message":"Set table page length to maximum","timestamp":"2026-10-02T05:18:31.841Z","value":"100"}
{"level":"info","maxRows":100,"message":"Scraped current orders page","rowsFound":100,"timestamp":"2026-10-02T05:18:32.088Z"}
{"account":"Aryan","level":"info","message":"Google Sheets account replacement completed","ok":true,"service":"uppromote-sheets-sync","timestamp":"2026-10-02T05:19:35.722Z","version":4}
{"accountId":"aryan","accountName":"Aryan","durationSeconds":71,"level":"info","message":"Account sync completed","mode":"full","ok":true,"pagesScraped":1,"paginationComplete":true,"records":100,"service":"uppromote-sheets-sync","stopReason":"single-page-100-row-mode","timestamp":"2026-10-02T05:19:35.723Z","version":4}
{"account":"Aryan","level":"debug","message":"Saved Playwright storage state","path":"C:\\Users\\Krishna\\Downloads\\uppromote-sheets-sync-step1\\uppromote-sheets-sync-step1\\playwright-session\\aryan.json","timestamp":"2026-10-02T05:19:35.781Z"}
{"account":"Aryan","level":"warn","message":"Resetting browser session","timestamp":"2026-10-02T05:19:35.782Z"}
{"accountId":"aastha","accountName":"Aastha","level":"info","message":"Starting account sync","timestamp":"2026-10-02T05:19:37.394Z"}
{"account":"Aastha","headless":true,"level":"info","message":"Launching Playwright browser","timestamp":"2026-10-02T05:19:37.394Z"}
{"account":"Aastha","level":"info","message":"Browser session ready","reusedStoredSession":true,"timestamp":"2026-10-02T05:19:37.646Z"}
{"account":"Aastha","level":"info","message":"Already authenticated (reused session)","timestamp":"2026-10-02T05:19:40.433Z"}
{"level":"debug","message":"Set table page length to maximum","timestamp":"2026-10-02T05:19:44.284Z","value":"100"}
{"level":"info","maxRows":100,"message":"Scraped current orders page","rowsFound":100,"timestamp":"2026-10-02T05:19:44.520Z"}
{"account":"Aastha","level":"info","message":"Google Sheets account replacement completed","ok":true,"service":"uppromote-sheets-sync","timestamp":"2026-10-02T05:21:03.083Z","version":4}
{"accountId":"aastha","accountName":"Aastha","durationSeconds":86,"level":"info","message":"Account sync completed","mode":"full","ok":true,"pagesScraped":1,"paginationComplete":true,"records":100,"service":"uppromote-sheets-sync","stopReason":"single-page-100-row-mode","timestamp":"2026-10-02T05:21:03.084Z","version":4}
{"account":"Aastha","level":"debug","message":"Saved Playwright storage state","path":"C:\\Users\\Krishna\\Downloads\\uppromote-sheets-sync-step1\\uppromote-sheets-sync-step1\\playwright-session\\aastha.json","timestamp":"2026-10-02T05:21:03.190Z"}
{"account":"Aastha","level":"warn","message":"Resetting browser session","timestamp":"2026-10-02T05:21:03.190Z"}
{"accountId":"sayan","accountName":"Sayan","level":"info","message":"Starting account sync","timestamp":"2026-10-02T05:21:04.798Z"}
{"account":"Sayan","headless":true,"level":"info","message":"Launching Playwright browser","timestamp":"2026-10-02T05:21:04.798Z"}
{"account":"Sayan","level":"info","message":"Browser session ready","reusedStoredSession":true,"timestamp":"2026-10-02T05:21:05.133Z"}
{"account":"Sayan","level":"info","message":"Already authenticated (reused session)","timestamp":"2026-10-02T05:21:07.631Z"}
{"level":"debug","message":"Set table page length to maximum","timestamp":"2026-10-02T05:21:11.662Z","value":"100"}
{"level":"info","maxRows":100,"message":"Scraped current orders page","rowsFound":100,"timestamp":"2026-10-02T05:21:12.034Z"}
{"accepted":100,"account":"Sayan","finalRowCount":711,"keptOtherAccounts":611,"level":"info","message":"Google Sheets account replacement completed","ok":true,"received":100,"removedOld":100,"timestamp":"2026-10-02T05:21:23.941Z","written":100}
{"accepted":100,"accountId":"sayan","accountName":"Sayan","durationSeconds":19,"finalRowCount":711,"keptOtherAccounts":611,"level":"info","message":"Account sync completed","mode":"full","ok":true,"pagesScraped":1,"paginationComplete":true,"received":100,"records":100,"removedOld":100,"stopReason":"single-page-100-row-mode","timestamp":"2026-10-02T05:21:23.941Z","written":100}
{"account":"Sayan","level":"debug","message":"Saved Playwright storage state","path":"C:\\Users\\Krishna\\Downloads\\uppromote-sheets-sync-step1\\uppromote-sheets-sync-step1\\playwright-session\\sayan.json","timestamp":"2026-10-02T05:21:24.017Z"}
{"account":"Sayan","level":"warn","message":"Resetting browser session","timestamp":"2026-10-02T05:21:24.017Z"}
{"accountId":"ayush","accountName":"Ayush","level":"info","message":"Starting account sync","timestamp":"2026-10-02T05:21:25.631Z"}
{"account":"Ayush","headless":true,"level":"info","message":"Launching Playwright browser","timestamp":"2026-10-02T05:21:25.632Z"}
{"account":"Ayush","level":"info","message":"Browser session ready","reusedStoredSession":true,"timestamp":"2026-10-02T05:21:25.977Z"}
{"account":"Ayush","level":"info","message":"Already authenticated (reused session)","timestamp":"2026-10-02T05:21:28.536Z"}
{"level":"debug","message":"Set table page length to maximum","timestamp":"2026-10-02T05:21:31.707Z","value":"100"}
{"level":"info","maxRows":100,"message":"Scraped current orders page","rowsFound":90,"timestamp":"2026-10-02T05:21:32.047Z"}
{"accountId":"ayush","accountName":"Ayush","challenge":false,"level":"error","message":"Account sync failed Apps Script returned non-JSON response (HTTP 404): <!DOCTYPE html><html lang=\"en\"><head><script nonce=\"CPsLe4MnJ8B5IQupAHo19Q\">window['ppConfig'] = {productName: '26981ed0d57bbad37e728ff58134270c', deleteIsEnforced:  false , sealIsEnforced:  false , heartbeatRate:  0.5 , periodicReportingRateMillis:  60000.0 , disableAllReporting:  false };(function(){'use strict';function k(a){var b=0;return function(){return b<a.length?{done:!1,value:a[b++]}:{done:!0}}}function l(a){var b=typeof Symbol!=\"undefined\"&&Symbol.iterator&&a[Symbol.iterator];if(b)ret","stack":"Error: Apps Script returned non-JSON response (HTTP 404): <!DOCTYPE html><html lang=\"en\"><head><script nonce=\"CPsLe4MnJ8B5IQupAHo19Q\">window['ppConfig'] = {productName: '26981ed0d57bbad37e728ff58134270c', deleteIsEnforced:  false , sealIsEnforced:  false , heartbeatRate:  0.5 , periodicReportingRateMillis:  60000.0 , disableAllReporting:  false };(function(){'use strict';function k(a){var b=0;return function(){return b<a.length?{done:!1,value:a[b++]}:{done:!0}}}function l(a){var b=typeof Symbol!=\"undefined\"&&Symbol.iterator&&a[Symbol.iterator];if(b)ret\n    at postJson (file:///C:/Users/Krishna/Downloads/uppromote-sheets-sync-step1/uppromote-sheets-sync-step1/sheets/writer.js:87:11)\n    at process.processTicksAndRejections (node:internal/process/task_queues:104:5)\n    at async replaceAccountOrders (file:///C:/Users/Krishna/Downloads/uppromote-sheets-sync-step1/uppromote-sheets-sync-step1/sheets/writer.js:105:18)\n    at async runSync (file:///C:/Users/Krishna/Downloads/uppromote-sheets-sync-step1/uppromote-sheets-sync-step1/sync/syncEngine.js:41:29)\n    at async file:///C:/Users/Krishna/Downloads/uppromote-sheets-sync-step1/uppromote-sheets-sync-step1/runner.js:5:18","timestamp":"2026-10-02T05:21:55.887Z"}
{"account":"Ayush","level":"debug","message":"Saved Playwright storage state","path":"C:\\Users\\Krishna\\Downloads\\uppromote-sheets-sync-step1\\uppromote-sheets-sync-step1\\playwright-session\\ayush.json","timestamp":"2026-10-02T05:21:55.970Z"}
{"account":"Ayush","level":"warn","message":"Resetting browser session","timestamp":"2026-10-02T05:21:55.970Z"}
{"accountId":"prathmesh","accountName":"Prathmesh","level":"info","message":"Starting account sync","timestamp":"2026-10-02T05:21:57.592Z"}
{"account":"Prathmesh","headless":true,"level":"info","message":"Launching Playwright browser","timestamp":"2026-10-02T05:21:57.592Z"}
{"account":"Prathmesh","level":"info","message":"Browser session ready","reusedStoredSession":true,"timestamp":"2026-10-02T05:21:57.866Z"}
{"account":"Prathmesh","level":"info","message":"Already authenticated (reused session)","timestamp":"2026-10-02T05:22:00.303Z"}
{"level":"debug","message":"Set table page length to maximum","timestamp":"2026-10-02T05:22:04.374Z","value":"100"}
{"level":"info","maxRows":100,"message":"Scraped current orders page","rowsFound":78,"timestamp":"2026-10-02T05:22:04.614Z"}
{"accepted":78,"account":"Prathmesh","finalRowCount":829,"keptOtherAccounts":751,"level":"info","message":"Google Sheets account replacement completed","ok":true,"received":78,"removedOld":25,"timestamp":"2026-10-02T05:22:10.072Z","written":78}
{"accepted":78,"accountId":"prathmesh","accountName":"Prathmesh","durationSeconds":12,"finalRowCount":829,"keptOtherAccounts":751,"level":"info","message":"Account sync completed","mode":"full","ok":true,"pagesScraped":1,"paginationComplete":true,"received":78,"records":78,"removedOld":25,"stopReason":"single-page-100-row-mode","timestamp":"2026-10-02T05:22:10.072Z","written":78}
{"account":"Prathmesh","level":"debug","message":"Saved Playwright storage state","path":"C:\\Users\\Krishna\\Downloads\\uppromote-sheets-sync-step1\\uppromote-sheets-sync-step1\\playwright-session\\prathmesh.json","timestamp":"2026-10-02T05:22:10.138Z"}
{"account":"Prathmesh","level":"warn","message":"Resetting browser session","timestamp":"2026-10-02T05:22:10.138Z"}
{"accountId":"team","accountName":"Team","level":"info","message":"Starting account sync","timestamp":"2026-10-02T05:22:11.750Z"}
{"account":"Team","headless":true,"level":"info","message":"Launching Playwright browser","timestamp":"2026-10-02T05:22:11.751Z"}
{"account":"Team","level":"info","message":"Browser session ready","reusedStoredSession":true,"timestamp":"2026-10-02T05:22:12.001Z"}
{"account":"Team","level":"info","message":"Already authenticated (reused session)","timestamp":"2026-10-02T05:22:14.439Z"}
{"level":"debug","message":"Set table page length to maximum","timestamp":"2026-10-02T05:22:18.137Z","value":"100"}
{"level":"info","maxRows":100,"message":"Scraped current orders page","rowsFound":0,"timestamp":"2026-10-02T05:22:18.149Z"}
{"accountId":"team","accountName":"Team","challenge":false,"level":"error","message":"Account sync failed Refusing to replace account Team with an empty dataset","stack":"Error: Refusing to replace account Team with an empty dataset\n    at replaceAccountOrders (file:///C:/Users/Krishna/Downloads/uppromote-sheets-sync-step1/uppromote-sheets-sync-step1/sheets/writer.js:101:11)\n    at runSync (file:///C:/Users/Krishna/Downloads/uppromote-sheets-sync-step1/uppromote-sheets-sync-step1/sync/syncEngine.js:41:35)\n    at async file:///C:/Users/Krishna/Downloads/uppromote-sheets-sync-step1/uppromote-sheets-sync-step1/runner.js:5:18","timestamp":"2026-10-02T05:22:18.149Z"}
{"account":"Team","level":"debug","message":"Saved Playwright storage state","path":"C:\\Users\\Krishna\\Downloads\\uppromote-sheets-sync-step1\\uppromote-sheets-sync-step1\\playwright-session\\team.json","timestamp":"2026-10-02T05:22:18.204Z"}
{"account":"Team","level":"warn","message":"Resetting browser session","timestamp":"2026-10-02T05:22:18.204Z"}
{"accountId":"reet","accountName":"Reet","level":"info","message":"Starting account sync","timestamp":"2026-10-02T05:22:18.914Z"}
{"account":"Reet","headless":true,"level":"info","message":"Launching Playwright browser","timestamp":"2026-10-02T05:22:18.915Z"}
{"account":"Reet","level":"info","message":"Browser session ready","reusedStoredSession":true,"timestamp":"2026-10-02T05:22:19.165Z"}
{"account":"Reet","level":"info","message":"Already authenticated (reused session)","timestamp":"2026-10-02T05:22:21.646Z"}
{"level":"debug","message":"Set table page length to maximum","timestamp":"2026-10-02T05:22:25.520Z","value":"100"}
{"level":"info","maxRows":100,"message":"Scraped current orders page","rowsFound":100,"timestamp":"2026-10-02T05:22:25.745Z"}
{"accepted":100,"account":"Reet","finalRowCount":829,"keptOtherAccounts":729,"level":"info","message":"Google Sheets account replacement completed","ok":true,"received":100,"removedOld":100,"timestamp":"2026-10-02T05:22:30.721Z","written":100}
{"accepted":100,"accountId":"reet","accountName":"Reet","durationSeconds":12,"finalRowCount":829,"keptOtherAccounts":729,"level":"info","message":"Account sync completed","mode":"full","ok":true,"pagesScraped":1,"paginationComplete":true,"received":100,"records":100,"removedOld":100,"stopReason":"single-page-100-row-mode","timestamp":"2026-10-02T05:22:30.722Z","written":100}
{"account":"Reet","level":"debug","message":"Saved Playwright storage state","path":"C:\\Users\\Krishna\\Downloads\\uppromote-sheets-sync-step1\\uppromote-sheets-sync-step1\\playwright-session\\reet.json","timestamp":"2026-10-02T05:22:30.790Z"}
{"account":"Reet","level":"warn","message":"Resetting browser session","timestamp":"2026-10-02T05:22:30.790Z"}
{"accountId":"krishna","accountName":"Krishna","level":"info","message":"Starting account sync","timestamp":"2026-10-02T05:22:32.406Z"}
{"account":"Krishna","headless":true,"level":"info","message":"Launching Playwright browser","timestamp":"2026-10-02T05:22:32.406Z"}
{"account":"Krishna","level":"info","message":"Browser session ready","reusedStoredSession":true,"timestamp":"2026-10-02T05:22:32.656Z"}
{"account":"Krishna","level":"info","message":"Already authenticated (reused session)","timestamp":"2026-10-02T05:22:35.276Z"}
{"level":"debug","message":"Set table page length to maximum","timestamp":"2026-10-02T05:22:39.770Z","value":"100"}
{"level":"info","maxRows":100,"message":"Scraped current orders page","rowsFound":39,"timestamp":"2026-10-02T05:22:39.850Z"}
{"accepted":39,"account":"Krishna","finalRowCount":829,"keptOtherAccounts":790,"level":"info","message":"Google Sheets account replacement completed","ok":true,"received":39,"removedOld":39,"timestamp":"2026-10-02T05:22:46.141Z","written":39}
{"accepted":39,"accountId":"krishna","accountName":"Krishna","durationSeconds":14,"finalRowCount":829,"keptOtherAccounts":790,"level":"info","message":"Account sync completed","mode":"full","ok":true,"pagesScraped":1,"paginationComplete":true,"received":39,"records":39,"removedOld":39,"stopReason":"single-page-100-row-mode","timestamp":"2026-10-02T05:22:46.142Z","written":39}
{"account":"Krishna","level":"debug","message":"Saved Playwright storage state","path":"C:\\Users\\Krishna\\Downloads\\uppromote-sheets-sync-step1\\uppromote-sheets-sync-step1\\playwright-session\\krishna.json","timestamp":"2026-10-02T05:22:46.206Z"}
{"account":"Krishna","level":"warn","message":"Resetting browser session","timestamp":"2026-10-02T05:22:46.206Z"}
{"accountId":"sayan_socialnorm","accountName":"Sayan - SocialNorm","level":"info","message":"Starting account sync","timestamp":"2026-10-02T05:22:47.838Z"}
{"account":"Sayan - SocialNorm","headless":true,"level":"info","message":"Launching Playwright browser","timestamp":"2026-10-02T05:22:47.839Z"}
{"account":"Sayan - SocialNorm","level":"info","message":"Browser session ready","reusedStoredSession":true,"timestamp":"2026-10-02T05:22:48.199Z"}
{"account":"Sayan - SocialNorm","level":"info","message":"Already authenticated (reused session)","timestamp":"2026-10-02T05:22:50.691Z"}
{"level":"debug","message":"Set table page length to maximum","timestamp":"2026-10-02T05:22:54.914Z","value":"100"}
{"level":"info","maxRows":100,"message":"Scraped current orders page","rowsFound":25,"timestamp":"2026-10-02T05:22:55.044Z"}
{"accepted":25,"account":"Sayan - SocialNorm","finalRowCount":829,"keptOtherAccounts":804,"level":"info","message":"Google Sheets account replacement completed","ok":true,"received":25,"removedOld":25,"timestamp":"2026-10-02T05:22:59.570Z","written":25}
{"accepted":25,"accountId":"sayan_socialnorm","accountName":"Sayan - SocialNorm","durationSeconds":12,"finalRowCount":829,"keptOtherAccounts":804,"level":"info","message":"Account sync completed","mode":"full","ok":true,"pagesScraped":1,"paginationComplete":true,"received":25,"records":25,"removedOld":25,"stopReason":"single-page-100-row-mode","timestamp":"2026-10-02T05:22:59.570Z","written":25}
{"account":"Sayan - SocialNorm","level":"debug","message":"Saved Playwright storage state","path":"C:\\Users\\Krishna\\Downloads\\uppromote-sheets-sync-step1\\uppromote-sheets-sync-step1\\playwright-session\\sayan_socialnorm.json","timestamp":"2026-10-02T05:22:59.643Z"}
{"account":"Sayan - SocialNorm","level":"warn","message":"Resetting browser session","timestamp":"2026-10-02T05:22:59.644Z"}
{"accountCount":10,"accounts":[{"accepted":100,"accountId":"dilsher","accountName":"Dilsher","durationSeconds":22,"finalRowCount":711,"keptOtherAccounts":611,"mode":"full","ok":true,"pagesScraped":1,"paginationComplete":true,"received":100,"records":100,"removedOld":100,"stopReason":"single-page-100-row-mode","written":100},{"accountId":"aryan","accountName":"Aryan","durationSeconds":71,"mode":"full","ok":true,"pagesScraped":1,"paginationComplete":true,"records":100,"service":"uppromote-sheets-sync","stopReason":"single-page-100-row-mode","version":4},{"accountId":"aastha","accountName":"Aastha","durationSeconds":86,"mode":"full","ok":true,"pagesScraped":1,"paginationComplete":true,"records":100,"service":"uppromote-sheets-sync","stopReason":"single-page-100-row-mode","version":4},{"accepted":100,"accountId":"sayan","accountName":"Sayan","durationSeconds":19,"finalRowCount":711,"keptOtherAccounts":611,"mode":"full","ok":true,"pagesScraped":1,"paginationComplete":true,"received":100,"records":100,"removedOld":100,"stopReason":"single-page-100-row-mode","written":100},{"accountId":"ayush","accountName":"Ayush","challenge":null,"message":"Apps Script returned non-JSON response (HTTP 404): <!DOCTYPE html><html lang=\"en\"><head><script nonce=\"CPsLe4MnJ8B5IQupAHo19Q\">window['ppConfig'] = {productName: '26981ed0d57bbad37e728ff58134270c', deleteIsEnforced:  false , sealIsEnforced:  false , heartbeatRate:  0.5 , periodicReportingRateMillis:  60000.0 , disableAllReporting:  false };(function(){'use strict';function k(a){var b=0;return function(){return b<a.length?{done:!1,value:a[b++]}:{done:!0}}}function l(a){var b=typeof Symbol!=\"undefined\"&&Symbol.iterator&&a[Symbol.iterator];if(b)ret","ok":false},{"accepted":78,"accountId":"prathmesh","accountName":"Prathmesh","durationSeconds":12,"finalRowCount":829,"keptOtherAccounts":751,"mode":"full","ok":true,"pagesScraped":1,"paginationComplete":true,"received":78,"records":78,"removedOld":25,"stopReason":"single-page-100-row-mode","written":78},{"accountId":"team","accountName":"Team","challenge":null,"message":"Refusing to replace account Team with an empty dataset","ok":false},{"accepted":100,"accountId":"reet","accountName":"Reet","durationSeconds":12,"finalRowCount":829,"keptOtherAccounts":729,"mode":"full","ok":true,"pagesScraped":1,"paginationComplete":true,"received":100,"records":100,"removedOld":100,"stopReason":"single-page-100-row-mode","written":100},{"accepted":39,"accountId":"krishna","accountName":"Krishna","durationSeconds":14,"finalRowCount":829,"keptOtherAccounts":790,"mode":"full","ok":true,"pagesScraped":1,"paginationComplete":true,"received":39,"records":39,"removedOld":39,"stopReason":"single-page-100-row-mode","written":39},{"accepted":25,"accountId":"sayan_socialnorm","accountName":"Sayan - SocialNorm","durationSeconds":12,"finalRowCount":829,"keptOtherAccounts":804,"mode":"full","ok":true,"pagesScraped":1,"paginationComplete":true,"received":25,"records":25,"removedOld":25,"stopReason":"single-page-100-row-mode","written":25}],"completedAt":"2026-10-02T05:23:01.251Z","durationSeconds":300,"failed":2,"level":"info","message":"Multi-account sync finished","mode":"full","startedAt":"2026-10-02T05:18:01.004Z","succeeded":8,"timestamp":"2026-10-02T05:23:01.251Z"}
{"accountCount":17,"level":"info","message":"Multi-account sync started","mode":"full","startedAt":"2026-10-02T06:13:11.093Z","timestamp":"2026-10-02T06:13:11.094Z"}
{"accountId":"hypd_dilsher","accountName":"HYPD - Dilsher","level":"info","message":"Starting account sync","timestamp":"2026-10-02T06:13:11.096Z"}
{"account":"HYPD - Dilsher","headless":true,"level":"info","message":"Launching Playwright browser","timestamp":"2026-10-02T06:13:11.096Z"}
{"account":"HYPD - Dilsher","level":"info","message":"Browser session ready","reusedStoredSession":false,"timestamp":"2026-10-02T06:13:11.249Z"}
{"level":"info","message":"Login required, submitting authorized credentials","timestamp":"2026-10-02T06:13:15.962Z"}
{"html":"logs/challenge-hypd_dilsher-captcha.html","level":"info","message":"Saved challenge evidence","screenshot":"logs/challenge-hypd_dilsher-captcha.png","timestamp":"2026-10-02T06:13:18.844Z"}
{"accountId":"hypd_dilsher","accountName":"HYPD - Dilsher","challenge":true,"challengeKind":"captcha","level":"error","message":"Account sync failed Authorized user interaction required: captcha","stack":"AuthChallengeError: Authorized user interaction required: captcha\n    at ensureAuthenticated (file:///C:/Users/Krishna/Downloads/uppromote-sheets-sync-step1/uppromote-sheets-sync-step1/scraper/auth.js:146:11)\n    at async runSync (file:///C:/Users/Krishna/Downloads/uppromote-sheets-sync-step1/uppromote-sheets-sync-step1/sync/syncEngine.js:25:20)\n    at async file:///C:/Users/Krishna/Downloads/uppromote-sheets-sync-step1/uppromote-sheets-sync-step1/runner.js:5:18","timestamp":"2026-10-02T06:13:18.845Z"}
{"account":"HYPD - Dilsher","level":"debug","message":"Saved Playwright storage state","path":"C:\\Users\\Krishna\\Downloads\\uppromote-sheets-sync-step1\\uppromote-sheets-sync-step1\\playwright-session\\hypd_dilsher.json","timestamp":"2026-10-02T06:13:18.914Z"}
{"account":"HYPD - Dilsher","level":"warn","message":"Resetting browser session","timestamp":"2026-10-02T06:13:18.915Z"}
{"accountId":"hypd_aryan","accountName":"HYPD - Aryan","level":"info","message":"Starting account sync","timestamp":"2026-10-02T06:13:19.555Z"}
{"account":"HYPD - Aryan","headless":true,"level":"info","message":"Launching Playwright browser","timestamp":"2026-10-02T06:13:19.556Z"}
{"account":"HYPD - Aryan","level":"info","message":"Browser session ready","reusedStoredSession":false,"timestamp":"2026-10-02T06:13:19.673Z"}
{"level":"info","message":"Login required, submitting authorized credentials","timestamp":"2026-10-02T06:13:21.550Z"}
{"html":"logs/challenge-hypd_aryan-captcha.html","level":"info","message":"Saved challenge evidence","screenshot":"logs/challenge-hypd_aryan-captcha.png","timestamp":"2026-10-02T06:13:25.544Z"}
{"accountId":"hypd_aryan","accountName":"HYPD - Aryan","challenge":true,"challengeKind":"captcha","level":"error","message":"Account sync failed Authorized user interaction required: captcha","stack":"AuthChallengeError: Authorized user interaction required: captcha\n    at ensureAuthenticated (file:///C:/Users/Krishna/Downloads/uppromote-sheets-sync-step1/uppromote-sheets-sync-step1/scraper/auth.js:146:11)\n    at async runSync (file:///C:/Users/Krishna/Downloads/uppromote-sheets-sync-step1/uppromote-sheets-sync-step1/sync/syncEngine.js:25:20)\n    at async file:///C:/Users/Krishna/Downloads/uppromote-sheets-sync-step1/uppromote-sheets-sync-step1/runner.js:5:18","timestamp":"2026-10-02T06:13:25.545Z"}
{"account":"HYPD - Aryan","level":"debug","message":"Saved Playwright storage state","path":"C:\\Users\\Krishna\\Downloads\\uppromote-sheets-sync-step1\\uppromote-sheets-sync-step1\\playwright-session\\hypd_aryan.json","timestamp":"2026-10-02T06:13:25.618Z"}
{"account":"HYPD - Aryan","level":"warn","message":"Resetting browser session","timestamp":"2026-10-02T06:13:25.619Z"}
{"accountId":"hypd_aastha","accountName":"HYPD - Aastha","level":"info","message":"Starting account sync","timestamp":"2026-10-02T06:13:26.223Z"}
{"account":"HYPD - Aastha","headless":true,"level":"info","message":"Launching Playwright browser","timestamp":"2026-10-02T06:13:26.223Z"}
{"account":"HYPD - Aastha","level":"info","message":"Browser session ready","reusedStoredSession":false,"timestamp":"2026-10-02T06:13:26.343Z"}
{"level":"info","message":"Login required, submitting authorized credentials","timestamp":"2026-10-02T06:13:28.084Z"}
{"html":"logs/challenge-hypd_aastha-captcha.html","level":"info","message":"Saved challenge evidence","screenshot":"logs/challenge-hypd_aastha-captcha.png","timestamp":"2026-10-02T06:13:31.996Z"}
{"accountId":"hypd_aastha","accountName":"HYPD - Aastha","challenge":true,"challengeKind":"captcha","level":"error","message":"Account sync failed Authorized user interaction required: captcha","stack":"AuthChallengeError: Authorized user interaction required: captcha\n    at ensureAuthenticated (file:///C:/Users/Krishna/Downloads/uppromote-sheets-sync-step1/uppromote-sheets-sync-step1/scraper/auth.js:146:11)\n    at async runSync (file:///C:/Users/Krishna/Downloads/uppromote-sheets-sync-step1/uppromote-sheets-sync-step1/sync/syncEngine.js:25:20)\n    at async file:///C:/Users/Krishna/Downloads/uppromote-sheets-sync-step1/uppromote-sheets-sync-step1/runner.js:5:18","timestamp":"2026-10-02T06:13:31.997Z"}
{"account":"HYPD - Aastha","level":"debug","message":"Saved Playwright storage state","path":"C:\\Users\\Krishna\\Downloads\\uppromote-sheets-sync-step1\\uppromote-sheets-sync-step1\\playwright-session\\hypd_aastha.json","timestamp":"2026-10-02T06:13:32.063Z"}
{"account":"HYPD - Aastha","level":"warn","message":"Resetting browser session","timestamp":"2026-10-02T06:13:32.064Z"}
{"accountId":"hypd_sayan","accountName":"HYPD - Sayan","level":"info","message":"Starting account sync","timestamp":"2026-10-02T06:13:32.649Z"}
{"account":"HYPD - Sayan","headless":true,"level":"info","message":"Launching Playwright browser","timestamp":"2026-10-02T06:13:32.649Z"}
{"account":"HYPD - Sayan","level":"info","message":"Browser session ready","reusedStoredSession":false,"timestamp":"2026-10-02T06:13:32.772Z"}
{"level":"info","message":"Login required, submitting authorized credentials","timestamp":"2026-10-02T06:13:34.591Z"}
{"html":"logs/challenge-hypd_sayan-captcha.html","level":"info","message":"Saved challenge evidence","screenshot":"logs/challenge-hypd_sayan-captcha.png","timestamp":"2026-10-02T06:13:38.447Z"}
{"accountId":"hypd_sayan","accountName":"HYPD - Sayan","challenge":true,"challengeKind":"captcha","level":"error","message":"Account sync failed Authorized user interaction required: captcha","stack":"AuthChallengeError: Authorized user interaction required: captcha\n    at ensureAuthenticated (file:///C:/Users/Krishna/Downloads/uppromote-sheets-sync-step1/uppromote-sheets-sync-step1/scraper/auth.js:146:11)\n    at async runSync (file:///C:/Users/Krishna/Downloads/uppromote-sheets-sync-step1/uppromote-sheets-sync-step1/sync/syncEngine.js:25:20)\n    at async file:///C:/Users/Krishna/Downloads/uppromote-sheets-sync-step1/uppromote-sheets-sync-step1/runner.js:5:18","timestamp":"2026-10-02T06:13:38.447Z"}
{"account":"HYPD - Sayan","level":"debug","message":"Saved Playwright storage state","path":"C:\\Users\\Krishna\\Downloads\\uppromote-sheets-sync-step1\\uppromote-sheets-sync-step1\\playwright-session\\hypd_sayan.json","timestamp":"2026-10-02T06:13:38.511Z"}
{"account":"HYPD - Sayan","level":"warn","message":"Resetting browser session","timestamp":"2026-10-02T06:13:38.511Z"}
{"accountId":"hypd_ayush","accountName":"HYPD - Ayush","level":"info","message":"Starting account sync","timestamp":"2026-10-02T06:13:39.097Z"}
{"account":"HYPD - Ayush","headless":true,"level":"info","message":"Launching Playwright browser","timestamp":"2026-10-02T06:13:39.098Z"}
{"account":"HYPD - Ayush","level":"info","message":"Browser session ready","reusedStoredSession":false,"timestamp":"2026-10-02T06:13:39.229Z"}
{"level":"info","message":"Login required, submitting authorized credentials","timestamp":"2026-10-02T06:13:41.119Z"}
{"html":"logs/challenge-hypd_ayush-captcha.html","level":"info","message":"Saved challenge evidence","screenshot":"logs/challenge-hypd_ayush-captcha.png","timestamp":"2026-10-02T06:13:43.917Z"}
{"accountId":"hypd_ayush","accountName":"HYPD - Ayush","challenge":true,"challengeKind":"captcha","level":"error","message":"Account sync failed Authorized user interaction required: captcha","stack":"AuthChallengeError: Authorized user interaction required: captcha\n    at ensureAuthenticated (file:///C:/Users/Krishna/Downloads/uppromote-sheets-sync-step1/uppromote-sheets-sync-step1/scraper/auth.js:146:11)\n    at async runSync (file:///C:/Users/Krishna/Downloads/uppromote-sheets-sync-step1/uppromote-sheets-sync-step1/sync/syncEngine.js:25:20)\n    at async file:///C:/Users/Krishna/Downloads/uppromote-sheets-sync-step1/uppromote-sheets-sync-step1/runner.js:5:18","timestamp":"2026-10-02T06:13:43.918Z"}
{"account":"HYPD - Ayush","level":"debug","message":"Saved Playwright storage state","path":"C:\\Users\\Krishna\\Downloads\\uppromote-sheets-sync-step1\\uppromote-sheets-sync-step1\\playwright-session\\hypd_ayush.json","timestamp":"2026-10-02T06:13:43.985Z"}
{"account":"HYPD - Ayush","level":"warn","message":"Resetting browser session","timestamp":"2026-10-02T06:13:43.985Z"}
{"accountId":"hypd_prathmesh","accountName":"HYPD - Prathmesh","level":"info","message":"Starting account sync","timestamp":"2026-10-02T06:13:44.603Z"}
{"account":"HYPD - Prathmesh","headless":true,"level":"info","message":"Launching Playwright browser","timestamp":"2026-10-02T06:13:44.603Z"}
{"account":"HYPD - Prathmesh","level":"info","message":"Browser session ready","reusedStoredSession":false,"timestamp":"2026-10-02T06:13:44.725Z"}
{"level":"info","message":"Login required, submitting authorized credentials","timestamp":"2026-10-02T06:13:46.585Z"}
{"html":"logs/challenge-hypd_prathmesh-captcha.html","level":"info","message":"Saved challenge evidence","screenshot":"logs/challenge-hypd_prathmesh-captcha.png","timestamp":"2026-10-02T06:13:51.101Z"}
{"accountId":"hypd_prathmesh","accountName":"HYPD - Prathmesh","challenge":true,"challengeKind":"captcha","level":"error","message":"Account sync failed Authorized user interaction required: captcha","stack":"AuthChallengeError: Authorized user interaction required: captcha\n    at ensureAuthenticated (file:///C:/Users/Krishna/Downloads/uppromote-sheets-sync-step1/uppromote-sheets-sync-step1/scraper/auth.js:146:11)\n    at async runSync (file:///C:/Users/Krishna/Downloads/uppromote-sheets-sync-step1/uppromote-sheets-sync-step1/sync/syncEngine.js:25:20)\n    at async file:///C:/Users/Krishna/Downloads/uppromote-sheets-sync-step1/uppromote-sheets-sync-step1/runner.js:5:18","timestamp":"2026-10-02T06:13:51.102Z"}
{"account":"HYPD - Prathmesh","level":"debug","message":"Saved Playwright storage state","path":"C:\\Users\\Krishna\\Downloads\\uppromote-sheets-sync-step1\\uppromote-sheets-sync-step1\\playwright-session\\hypd_prathmesh.json","timestamp":"2026-10-02T06:13:51.176Z"}
{"account":"HYPD - Prathmesh","level":"warn","message":"Resetting browser session","timestamp":"2026-10-02T06:13:51.176Z"}
{"accountId":"hypd_team","accountName":"HYPD - Team","level":"info","message":"Starting account sync","timestamp":"2026-10-02T06:13:51.778Z"}
{"account":"HYPD - Team","headless":true,"level":"info","message":"Launching Playwright browser","timestamp":"2026-10-02T06:13:51.779Z"}
{"account":"HYPD - Team","level":"info","message":"Browser session ready","reusedStoredSession":false,"timestamp":"2026-10-02T06:13:51.907Z"}
{"level":"info","message":"Login required, submitting authorized credentials","timestamp":"2026-10-02T06:13:53.605Z"}
{"html":"logs/challenge-hypd_team-captcha.html","level":"info","message":"Saved challenge evidence","screenshot":"logs/challenge-hypd_team-captcha.png","timestamp":"2026-10-02T06:13:57.920Z"}
{"accountId":"hypd_team","accountName":"HYPD - Team","challenge":true,"challengeKind":"captcha","level":"error","message":"Account sync failed Authorized user interaction required: captcha","stack":"AuthChallengeError: Authorized user interaction required: captcha\n    at ensureAuthenticated (file:///C:/Users/Krishna/Downloads/uppromote-sheets-sync-step1/uppromote-sheets-sync-step1/scraper/auth.js:146:11)\n    at async runSync (file:///C:/Users/Krishna/Downloads/uppromote-sheets-sync-step1/uppromote-sheets-sync-step1/sync/syncEngine.js:25:20)\n    at async file:///C:/Users/Krishna/Downloads/uppromote-sheets-sync-step1/uppromote-sheets-sync-step1/runner.js:5:18","timestamp":"2026-10-02T06:13:57.920Z"}
{"account":"HYPD - Team","level":"debug","message":"Saved Playwright storage state","path":"C:\\Users\\Krishna\\Downloads\\uppromote-sheets-sync-step1\\uppromote-sheets-sync-step1\\playwright-session\\hypd_team.json","timestamp":"2026-10-02T06:13:58.003Z"}
{"account":"HYPD - Team","level":"warn","message":"Resetting browser session","timestamp":"2026-10-02T06:13:58.003Z"}
{"accountId":"hypd_reet","accountName":"HYPD - Reet","level":"info","message":"Starting account sync","timestamp":"2026-10-02T06:13:58.608Z"}
{"account":"HYPD - Reet","headless":true,"level":"info","message":"Launching Playwright browser","timestamp":"2026-10-02T06:13:58.608Z"}
{"account":"HYPD - Reet","level":"info","message":"Browser session ready","reusedStoredSession":false,"timestamp":"2026-10-02T06:13:58.745Z"}
{"level":"info","message":"Login required, submitting authorized credentials","timestamp":"2026-10-02T06:14:00.685Z"}
{"html":"logs/challenge-hypd_reet-captcha.html","level":"info","message":"Saved challenge evidence","screenshot":"logs/challenge-hypd_reet-captcha.png","timestamp":"2026-10-02T06:14:04.220Z"}
{"accountId":"hypd_reet","accountName":"HYPD - Reet","challenge":true,"challengeKind":"captcha","level":"error","message":"Account sync failed Authorized user interaction required: captcha","stack":"AuthChallengeError: Authorized user interaction required: captcha\n    at ensureAuthenticated (file:///C:/Users/Krishna/Downloads/uppromote-sheets-sync-step1/uppromote-sheets-sync-step1/scraper/auth.js:146:11)\n    at async runSync (file:///C:/Users/Krishna/Downloads/uppromote-sheets-sync-step1/uppromote-sheets-sync-step1/sync/syncEngine.js:25:20)\n    at async file:///C:/Users/Krishna/Downloads/uppromote-sheets-sync-step1/uppromote-sheets-sync-step1/runner.js:5:18","timestamp":"2026-10-02T06:14:04.220Z"}
{"account":"HYPD - Reet","level":"debug","message":"Saved Playwright storage state","path":"C:\\Users\\Krishna\\Downloads\\uppromote-sheets-sync-step1\\uppromote-sheets-sync-step1\\playwright-session\\hypd_reet.json","timestamp":"2026-10-02T06:14:04.290Z"}
{"account":"HYPD - Reet","level":"warn","message":"Resetting browser session","timestamp":"2026-10-02T06:14:04.291Z"}
{"accountId":"hypd_krishna","accountName":"HYPD - Krishna","level":"info","message":"Starting account sync","timestamp":"2026-10-02T06:14:04.898Z"}
{"account":"HYPD - Krishna","headless":true,"level":"info","message":"Launching Playwright browser","timestamp":"2026-10-02T06:14:04.899Z"}
{"account":"HYPD - Krishna","level":"info","message":"Browser session ready","reusedStoredSession":false,"timestamp":"2026-10-02T06:14:05.051Z"}
{"level":"info","message":"Login required, submitting authorized credentials","timestamp":"2026-10-02T06:14:07.017Z"}
{"html":"logs/challenge-hypd_krishna-captcha.html","level":"info","message":"Saved challenge evidence","screenshot":"logs/challenge-hypd_krishna-captcha.png","timestamp":"2026-10-02T06:14:10.385Z"}
{"accountId":"hypd_krishna","accountName":"HYPD - Krishna","challenge":true,"challengeKind":"captcha","level":"error","message":"Account sync failed Authorized user interaction required: captcha","stack":"AuthChallengeError: Authorized user interaction required: captcha\n    at ensureAuthenticated (file:///C:/Users/Krishna/Downloads/uppromote-sheets-sync-step1/uppromote-sheets-sync-step1/scraper/auth.js:146:11)\n    at async runSync (file:///C:/Users/Krishna/Downloads/uppromote-sheets-sync-step1/uppromote-sheets-sync-step1/sync/syncEngine.js:25:20)\n    at async file:///C:/Users/Krishna/Downloads/uppromote-sheets-sync-step1/uppromote-sheets-sync-step1/runner.js:5:18","timestamp":"2026-10-02T06:14:10.386Z"}
{"account":"HYPD - Krishna","level":"debug","message":"Saved Playwright storage state","path":"C:\\Users\\Krishna\\Downloads\\uppromote-sheets-sync-step1\\uppromote-sheets-sync-step1\\playwright-session\\hypd_krishna.json","timestamp":"2026-10-02T06:14:10.468Z"}
{"account":"HYPD - Krishna","level":"warn","message":"Resetting browser session","timestamp":"2026-10-02T06:14:10.469Z"}
{"accountId":"hypd_sayan_socialnorm","accountName":"HYPD - Sayan (SocialNorm)","level":"info","message":"Starting account sync","timestamp":"2026-10-02T06:14:11.085Z"}
{"account":"HYPD - Sayan (SocialNorm)","headless":true,"level":"info","message":"Launching Playwright browser","timestamp":"2026-10-02T06:14:11.086Z"}
{"account":"HYPD - Sayan (SocialNorm)","level":"info","message":"Browser session ready","reusedStoredSession":false,"timestamp":"2026-10-02T06:14:11.252Z"}
{"level":"info","message":"Login required, submitting authorized credentials","timestamp":"2026-10-02T06:14:13.175Z"}
{"accountId":"hypd_sayan_socialnorm","accountName":"HYPD - Sayan (SocialNorm)","challenge":false,"level":"error","message":"Account sync failed Login submitted but authenticated dashboard was not detected. Check credentials / selectors.","stack":"Error: Login submitted but authenticated dashboard was not detected. Check credentials / selectors.\n    at ensureAuthenticated (file:///C:/Users/Krishna/Downloads/uppromote-sheets-sync-step1/uppromote-sheets-sync-step1/scraper/auth.js:150:11)\n    at async runSync (file:///C:/Users/Krishna/Downloads/uppromote-sheets-sync-step1/uppromote-sheets-sync-step1/sync/syncEngine.js:25:20)\n    at async file:///C:/Users/Krishna/Downloads/uppromote-sheets-sync-step1/uppromote-sheets-sync-step1/runner.js:5:18","timestamp":"2026-10-02T06:14:15.283Z"}
{"account":"HYPD - Sayan (SocialNorm)","level":"warn","message":"Resetting browser session","timestamp":"2026-10-02T06:14:15.289Z"}
{"accountId":"tomhill_reet","accountName":"TomHill - Reet","level":"info","message":"Starting account sync","timestamp":"2026-10-02T06:14:15.290Z"}
{"account":"TomHill - Reet","headless":true,"level":"info","message":"Launching Playwright browser","timestamp":"2026-10-02T06:14:15.291Z"}
{"account":"TomHill - Reet","level":"info","message":"Browser session ready","reusedStoredSession":false,"timestamp":"2026-10-02T06:14:15.425Z"}
{"accountCount":1,"level":"info","message":"Multi-account sync started","mode":"full","startedAt":"2026-10-02T06:15:37.058Z","timestamp":"2026-10-02T06:15:37.059Z"}
{"accountId":"tomhill_reet","accountName":"TomHill - Reet","level":"info","message":"Starting account sync","timestamp":"2026-10-02T06:15:37.060Z"}
{"account":"TomHill - Reet","headless":false,"level":"info","message":"Launching Playwright browser","timestamp":"2026-10-02T06:15:37.061Z"}
{"account":"TomHill - Reet","level":"info","message":"Browser session ready","reusedStoredSession":false,"timestamp":"2026-10-02T06:15:37.544Z"}
{"html":"logs/challenge-tomhill_reet-captcha.html","level":"info","message":"Saved challenge evidence","screenshot":"logs/challenge-tomhill_reet-captcha.png","timestamp":"2026-10-02T06:15:45.295Z"}
{"level":"info","message":"Waiting up to 300s for you to complete the CAPTCHA challenge in the open browser window...","timestamp":"2026-10-02T06:15:45.296Z"}
{"account":"TomHill - Reet","level":"debug","message":"Saved Playwright storage state","path":"C:\\Users\\Krishna\\Downloads\\uppromote-sheets-sync-step1\\uppromote-sheets-sync-step1\\playwright-session\\tomhill_reet.json","timestamp":"2026-10-02T06:17:00.807Z"}
{"level":"info","message":"Challenge resolved manually, session saved","timestamp":"2026-10-02T06:17:00.808Z"}
{"level":"debug","message":"Set table page length to maximum","timestamp":"2026-10-02T06:17:05.312Z","value":"100"}
{"level":"info","maxRows":100,"message":"Scraped current orders page","rowsFound":13,"timestamp":"2026-10-02T06:17:05.370Z"}
{"accepted":13,"account":"TomHill - Reet","finalRowCount":842,"keptOtherAccounts":829,"level":"info","message":"Google Sheets account replacement completed","ok":true,"received":13,"removedOld":0,"timestamp":"2026-10-02T06:17:10.746Z","written":13}
{"accepted":13,"accountId":"tomhill_reet","accountName":"TomHill - Reet","durationSeconds":94,"finalRowCount":842,"keptOtherAccounts":829,"level":"info","message":"Account sync completed","mode":"full","ok":true,"pagesScraped":1,"paginationComplete":true,"received":13,"records":13,"removedOld":0,"stopReason":"single-page-100-row-mode","timestamp":"2026-10-02T06:17:10.746Z","written":13}
{"account":"TomHill - Reet","level":"debug","message":"Saved Playwright storage state","path":"C:\\Users\\Krishna\\Downloads\\uppromote-sheets-sync-step1\\uppromote-sheets-sync-step1\\playwright-session\\tomhill_reet.json","timestamp":"2026-10-02T06:17:10.828Z"}
{"account":"TomHill - Reet","level":"warn","message":"Resetting browser session","timestamp":"2026-10-02T06:17:10.829Z"}
{"accountCount":1,"accounts":[{"accepted":13,"accountId":"tomhill_reet","accountName":"TomHill - Reet","durationSeconds":94,"finalRowCount":842,"keptOtherAccounts":829,"mode":"full","ok":true,"pagesScraped":1,"paginationComplete":true,"received":13,"records":13,"removedOld":0,"stopReason":"single-page-100-row-mode","written":13}],"completedAt":"2026-10-02T06:17:11.105Z","durationSeconds":94,"failed":0,"level":"info","message":"Multi-account sync finished","mode":"full","startedAt":"2026-10-02T06:15:37.058Z","succeeded":1,"timestamp":"2026-10-02T06:17:11.105Z"}
{"accountCount":7,"level":"info","message":"Multi-account sync started","mode":"full","startedAt":"2026-10-02T06:18:54.539Z","timestamp":"2026-10-02T06:18:54.540Z"}
{"accountId":"tomhill_reet","accountName":"TomHill - Reet","level":"info","message":"Starting account sync","timestamp":"2026-10-02T06:18:54.542Z"}
{"account":"TomHill - Reet","headless":false,"level":"info","message":"Launching Playwright browser","timestamp":"2026-10-02T06:18:54.542Z"}
{"account":"TomHill - Reet","level":"info","message":"Browser session ready","reusedStoredSession":true,"timestamp":"2026-10-02T06:18:55.226Z"}
{"account":"TomHill - Reet","level":"info","message":"Already authenticated (reused session)","timestamp":"2026-10-02T06:18:58.680Z"}
{"level":"debug","message":"Set table page length to maximum","timestamp":"2026-10-02T06:19:04.918Z","value":"100"}
{"level":"info","maxRows":100,"message":"Scraped current orders page","rowsFound":13,"timestamp":"2026-10-02T06:19:04.966Z"}
{"accepted":13,"account":"TomHill - Reet","finalRowCount":842,"keptOtherAccounts":829,"level":"info","message":"Google Sheets account replacement completed","ok":true,"received":13,"removedOld":13,"timestamp":"2026-10-02T06:19:10.846Z","written":13}
{"accepted":13,"accountId":"tomhill_reet","accountName":"TomHill - Reet","durationSeconds":16,"finalRowCount":842,"keptOtherAccounts":829,"level":"info","message":"Account sync completed","mode":"full","ok":true,"pagesScraped":1,"paginationComplete":true,"received":13,"records":13,"removedOld":13,"stopReason":"single-page-100-row-mode","timestamp":"2026-10-02T06:19:10.846Z","written":13}
{"account":"TomHill - Reet","level":"debug","message":"Saved Playwright storage state","path":"C:\\Users\\Krishna\\Downloads\\uppromote-sheets-sync-step1\\uppromote-sheets-sync-step1\\playwright-session\\tomhill_reet.json","timestamp":"2026-10-02T06:19:10.935Z"}
{"account":"TomHill - Reet","level":"warn","message":"Resetting browser session","timestamp":"2026-10-02T06:19:10.935Z"}
{"accountId":"tomhill_aryan","accountName":"TomHill - Aryan","level":"info","message":"Starting account sync","timestamp":"2026-10-02T06:19:11.216Z"}
{"account":"TomHill - Aryan","headless":false,"level":"info","message":"Launching Playwright browser","timestamp":"2026-10-02T06:19:11.216Z"}
{"account":"TomHill - Aryan","level":"info","message":"Browser session ready","reusedStoredSession":false,"timestamp":"2026-10-02T06:19:11.555Z"}
{"level":"info","message":"Login required, submitting authorized credentials","timestamp":"2026-10-02T06:19:13.802Z"}
{"html":"logs/challenge-tomhill_aryan-captcha.html","level":"info","message":"Saved challenge evidence","screenshot":"logs/challenge-tomhill_aryan-captcha.png","timestamp":"2026-10-02T06:19:17.185Z"}
{"level":"info","message":"Waiting up to 300s for you to complete the CAPTCHA challenge in the open browser window...","timestamp":"2026-10-02T06:19:17.186Z"}
{"account":"TomHill - Aryan","level":"debug","message":"Saved Playwright storage state","path":"C:\\Users\\Krishna\\Downloads\\uppromote-sheets-sync-step1\\uppromote-sheets-sync-step1\\playwright-session\\tomhill_aryan.json","timestamp":"2026-10-02T06:19:50.542Z"}
{"level":"info","message":"Challenge resolved manually, session saved","timestamp":"2026-10-02T06:19:50.542Z"}
{"level":"debug","message":"Set table page length to maximum","timestamp":"2026-10-02T06:19:57.875Z","value":"100"}
{"level":"info","maxRows":100,"message":"Scraped current orders page","rowsFound":0,"timestamp":"2026-10-02T06:19:57.904Z"}
{"accountId":"tomhill_aryan","accountName":"TomHill - Aryan","challenge":false,"level":"error","message":"Account sync failed Refusing to replace account TomHill - Aryan with an empty dataset","stack":"Error: Refusing to replace account TomHill - Aryan with an empty dataset\n    at replaceAccountOrders (file:///C:/Users/Krishna/Downloads/uppromote-sheets-sync-step1/uppromote-sheets-sync-step1/sheets/writer.js:101:11)\n    at runSync (file:///C:/Users/Krishna/Downloads/uppromote-sheets-sync-step1/uppromote-sheets-sync-step1/sync/syncEngine.js:41:35)\n    at async file:///C:/Users/Krishna/Downloads/uppromote-sheets-sync-step1/uppromote-sheets-sync-step1/runner.js:5:18","timestamp":"2026-10-02T06:19:57.905Z"}
{"account":"TomHill - Aryan","level":"debug","message":"Saved Playwright storage state","path":"C:\\Users\\Krishna\\Downloads\\uppromote-sheets-sync-step1\\uppromote-sheets-sync-step1\\playwright-session\\tomhill_aryan.json","timestamp":"2026-10-02T06:19:57.984Z"}
{"account":"TomHill - Aryan","level":"warn","message":"Resetting browser session","timestamp":"2026-10-02T06:19:57.984Z"}
{"accountId":"tomhill_krishna","accountName":"TomHill - Krishna","level":"info","message":"Starting account sync","timestamp":"2026-10-02T06:19:58.257Z"}
{"account":"TomHill - Krishna","headless":false,"level":"info","message":"Launching Playwright browser","timestamp":"2026-10-02T06:19:58.258Z"}
{"account":"TomHill - Krishna","level":"info","message":"Browser session ready","reusedStoredSession":false,"timestamp":"2026-10-02T06:19:58.603Z"}
{"level":"info","message":"Login required, submitting authorized credentials","timestamp":"2026-10-02T06:20:00.317Z"}
{"html":"logs/challenge-tomhill_krishna-captcha.html","level":"info","message":"Saved challenge evidence","screenshot":"logs/challenge-tomhill_krishna-captcha.png","timestamp":"2026-10-02T06:20:03.737Z"}
{"level":"info","message":"Waiting up to 300s for you to complete the CAPTCHA challenge in the open browser window...","timestamp":"2026-10-02T06:20:03.738Z"}
{"account":"TomHill - Krishna","level":"debug","message":"Saved Playwright storage state","path":"C:\\Users\\Krishna\\Downloads\\uppromote-sheets-sync-step1\\uppromote-sheets-sync-step1\\playwright-session\\tomhill_krishna.json","timestamp":"2026-10-02T06:20:28.448Z"}
{"level":"info","message":"Challenge resolved manually, session saved","timestamp":"2026-10-02T06:20:28.449Z"}
{"level":"debug","message":"Set table page length to maximum","timestamp":"2026-10-02T06:20:32.368Z","value":"100"}
{"level":"info","maxRows":100,"message":"Scraped current orders page","rowsFound":5,"timestamp":"2026-10-02T06:20:32.404Z"}
{"accountId":"tomhill_krishna","accountName":"TomHill - Krishna","challenge":false,"level":"error","message":"Account sync failed Apps Script returned non-JSON response (HTTP 404): <!DOCTYPE html><html lang=\"en\"><head><script nonce=\"QmvA444K2WBX3jSEWDdfzg\">window['ppConfig'] = {productName: '26981ed0d57bbad37e728ff58134270c', deleteIsEnforced:  false , sealIsEnforced:  false , heartbeatRate:  0.5 , periodicReportingRateMillis:  60000.0 , disableAllReporting:  false };(function(){'use strict';function k(a){var b=0;return function(){return b<a.length?{done:!1,value:a[b++]}:{done:!0}}}function l(a){var b=typeof Symbol!=\"undefined\"&&Symbol.iterator&&a[Symbol.iterator];if(b)ret","stack":"Error: Apps Script returned non-JSON response (HTTP 404): <!DOCTYPE html><html lang=\"en\"><head><script nonce=\"QmvA444K2WBX3jSEWDdfzg\">window['ppConfig'] = {productName: '26981ed0d57bbad37e728ff58134270c', deleteIsEnforced:  false , sealIsEnforced:  false , heartbeatRate:  0.5 , periodicReportingRateMillis:  60000.0 , disableAllReporting:  false };(function(){'use strict';function k(a){var b=0;return function(){return b<a.length?{done:!1,value:a[b++]}:{done:!0}}}function l(a){var b=typeof Symbol!=\"undefined\"&&Symbol.iterator&&a[Symbol.iterator];if(b)ret\n    at postJson (file:///C:/Users/Krishna/Downloads/uppromote-sheets-sync-step1/uppromote-sheets-sync-step1/sheets/writer.js:87:11)\n    at process.processTicksAndRejections (node:internal/process/task_queues:104:5)\n    at async replaceAccountOrders (file:///C:/Users/Krishna/Downloads/uppromote-sheets-sync-step1/uppromote-sheets-sync-step1/sheets/writer.js:105:18)\n    at async runSync (file:///C:/Users/Krishna/Downloads/uppromote-sheets-sync-step1/uppromote-sheets-sync-step1/sync/syncEngine.js:41:29)\n    at async file:///C:/Users/Krishna/Downloads/uppromote-sheets-sync-step1/uppromote-sheets-sync-step1/runner.js:5:18","timestamp":"2026-10-02T06:21:02.740Z"}
{"account":"TomHill - Krishna","level":"debug","message":"Saved Playwright storage state","path":"C:\\Users\\Krishna\\Downloads\\uppromote-sheets-sync-step1\\uppromote-sheets-sync-step1\\playwright-session\\tomhill_krishna.json","timestamp":"2026-10-02T06:21:02.821Z"}
{"account":"TomHill - Krishna","level":"warn","message":"Resetting browser session","timestamp":"2026-10-02T06:21:02.821Z"}
{"accountId":"tomhill_team","accountName":"TomHill - Team","level":"info","message":"Starting account sync","timestamp":"2026-10-02T06:21:03.066Z"}
{"account":"TomHill - Team","headless":false,"level":"info","message":"Launching Playwright browser","timestamp":"2026-10-02T06:21:03.066Z"}
{"account":"TomHill - Team","level":"info","message":"Browser session ready","reusedStoredSession":false,"timestamp":"2026-10-02T06:21:03.406Z"}
{"level":"info","message":"Login required, submitting authorized credentials","timestamp":"2026-10-02T06:21:05.358Z"}
{"html":"logs/challenge-tomhill_team-captcha.html","level":"info","message":"Saved challenge evidence","screenshot":"logs/challenge-tomhill_team-captcha.png","timestamp":"2026-10-02T06:21:08.868Z"}
{"level":"info","message":"Waiting up to 300s for you to complete the CAPTCHA challenge in the open browser window...","timestamp":"2026-10-02T06:21:08.868Z"}
{"account":"TomHill - Team","level":"debug","message":"Saved Playwright storage state","path":"C:\\Users\\Krishna\\Downloads\\uppromote-sheets-sync-step1\\uppromote-sheets-sync-step1\\playwright-session\\tomhill_team.json","timestamp":"2026-10-02T06:21:54.181Z"}
{"level":"info","message":"Challenge resolved manually, session saved","timestamp":"2026-10-02T06:21:54.181Z"}
{"level":"debug","message":"Set table page length to maximum","timestamp":"2026-10-02T06:22:03.636Z","value":"100"}
{"level":"info","maxRows":100,"message":"Scraped current orders page","rowsFound":0,"timestamp":"2026-10-02T06:22:03.667Z"}
{"accountId":"tomhill_team","accountName":"TomHill - Team","challenge":false,"level":"error","message":"Account sync failed Refusing to replace account TomHill - Team with an empty dataset","stack":"Error: Refusing to replace account TomHill - Team with an empty dataset\n    at replaceAccountOrders (file:///C:/Users/Krishna/Downloads/uppromote-sheets-sync-step1/uppromote-sheets-sync-step1/sheets/writer.js:101:11)\n    at runSync (file:///C:/Users/Krishna/Downloads/uppromote-sheets-sync-step1/uppromote-sheets-sync-step1/sync/syncEngine.js:41:35)\n    at async file:///C:/Users/Krishna/Downloads/uppromote-sheets-sync-step1/uppromote-sheets-sync-step1/runner.js:5:18","timestamp":"2026-10-02T06:22:03.668Z"}
{"account":"TomHill - Team","level":"debug","message":"Saved Playwright storage state","path":"C:\\Users\\Krishna\\Downloads\\uppromote-sheets-sync-step1\\uppromote-sheets-sync-step1\\playwright-session\\tomhill_team.json","timestamp":"2026-10-02T06:22:03.747Z"}
{"account":"TomHill - Team","level":"warn","message":"Resetting browser session","timestamp":"2026-10-02T06:22:03.747Z"}
{"accountId":"tomhill_sayan","accountName":"TomHill - Sayan","level":"info","message":"Starting account sync","timestamp":"2026-10-02T06:22:04.022Z"}
{"account":"TomHill - Sayan","headless":false,"level":"info","message":"Launching Playwright browser","timestamp":"2026-10-02T06:22:04.022Z"}
{"account":"TomHill - Sayan","level":"info","message":"Browser session ready","reusedStoredSession":false,"timestamp":"2026-10-02T06:22:04.378Z"}
{"level":"info","message":"Login required, submitting authorized credentials","timestamp":"2026-10-02T06:22:06.178Z"}
{"html":"logs/challenge-tomhill_sayan-captcha.html","level":"info","message":"Saved challenge evidence","screenshot":"logs/challenge-tomhill_sayan-captcha.png","timestamp":"2026-10-02T06:22:12.201Z"}
{"level":"info","message":"Waiting up to 300s for you to complete the CAPTCHA challenge in the open browser window...","timestamp":"2026-10-02T06:22:12.202Z"}
{"account":"TomHill - Sayan","level":"debug","message":"Saved Playwright storage state","path":"C:\\Users\\Krishna\\Downloads\\uppromote-sheets-sync-step1\\uppromote-sheets-sync-step1\\playwright-session\\tomhill_sayan.json","timestamp":"2026-10-02T06:23:07.693Z"}
{"level":"info","message":"Challenge resolved manually, session saved","timestamp":"2026-10-02T06:23:07.694Z"}
{"level":"debug","message":"Set table page length to maximum","timestamp":"2026-10-02T06:23:15.039Z","value":"100"}
{"level":"info","maxRows":100,"message":"Scraped current orders page","rowsFound":0,"timestamp":"2026-10-02T06:23:15.060Z"}
{"accountId":"tomhill_sayan","accountName":"TomHill - Sayan","challenge":false,"level":"error","message":"Account sync failed Refusing to replace account TomHill - Sayan with an empty dataset","stack":"Error: Refusing to replace account TomHill - Sayan with an empty dataset\n    at replaceAccountOrders (file:///C:/Users/Krishna/Downloads/uppromote-sheets-sync-step1/uppromote-sheets-sync-step1/sheets/writer.js:101:11)\n    at runSync (file:///C:/Users/Krishna/Downloads/uppromote-sheets-sync-step1/uppromote-sheets-sync-step1/sync/syncEngine.js:41:35)\n    at async file:///C:/Users/Krishna/Downloads/uppromote-sheets-sync-step1/uppromote-sheets-sync-step1/runner.js:5:18","timestamp":"2026-10-02T06:23:15.060Z"}
{"account":"TomHill - Sayan","level":"debug","message":"Saved Playwright storage state","path":"C:\\Users\\Krishna\\Downloads\\uppromote-sheets-sync-step1\\uppromote-sheets-sync-step1\\playwright-session\\tomhill_sayan.json","timestamp":"2026-10-02T06:23:15.135Z"}
{"account":"TomHill - Sayan","level":"warn","message":"Resetting browser session","timestamp":"2026-10-02T06:23:15.135Z"}
{"accountId":"tomhill_dilsher","accountName":"TomHill - Dilsher","level":"info","message":"Starting account sync","timestamp":"2026-10-02T06:23:15.425Z"}
{"account":"TomHill - Dilsher","headless":false,"level":"info","message":"Launching Playwright browser","timestamp":"2026-10-02T06:23:15.425Z"}
{"account":"TomHill - Dilsher","level":"info","message":"Browser session ready","reusedStoredSession":false,"timestamp":"2026-10-02T06:23:15.755Z"}
{"level":"info","message":"Login required, submitting authorized credentials","timestamp":"2026-10-02T06:23:17.548Z"}
{"html":"logs/challenge-tomhill_dilsher-captcha.html","level":"info","message":"Saved challenge evidence","screenshot":"logs/challenge-tomhill_dilsher-captcha.png","timestamp":"2026-10-02T06:23:21.180Z"}
{"level":"info","message":"Waiting up to 300s for you to complete the CAPTCHA challenge in the open browser window...","timestamp":"2026-10-02T06:23:21.180Z"}
{"account":"TomHill - Dilsher","level":"debug","message":"Saved Playwright storage state","path":"C:\\Users\\Krishna\\Downloads\\uppromote-sheets-sync-step1\\uppromote-sheets-sync-step1\\playwright-session\\tomhill_dilsher.json","timestamp":"2026-10-02T06:24:08.633Z"}
{"level":"info","message":"Challenge resolved manually, session saved","timestamp":"2026-10-02T06:24:08.634Z"}
{"level":"debug","message":"Set table page length to maximum","timestamp":"2026-10-02T06:24:12.366Z","value":"100"}
{"level":"info","maxRows":100,"message":"Scraped current orders page","rowsFound":0,"timestamp":"2026-10-02T06:24:12.381Z"}
{"accountId":"tomhill_dilsher","accountName":"TomHill - Dilsher","challenge":false,"level":"error","message":"Account sync failed Refusing to replace account TomHill - Dilsher with an empty dataset","stack":"Error: Refusing to replace account TomHill - Dilsher with an empty dataset\n    at replaceAccountOrders (file:///C:/Users/Krishna/Downloads/uppromote-sheets-sync-step1/uppromote-sheets-sync-step1/sheets/writer.js:101:11)\n    at runSync (file:///C:/Users/Krishna/Downloads/uppromote-sheets-sync-step1/uppromote-sheets-sync-step1/sync/syncEngine.js:41:35)\n    at async file:///C:/Users/Krishna/Downloads/uppromote-sheets-sync-step1/uppromote-sheets-sync-step1/runner.js:5:18","timestamp":"2026-10-02T06:24:12.381Z"}
{"account":"TomHill - Dilsher","level":"debug","message":"Saved Playwright storage state","path":"C:\\Users\\Krishna\\Downloads\\uppromote-sheets-sync-step1\\uppromote-sheets-sync-step1\\playwright-session\\tomhill_dilsher.json","timestamp":"2026-10-02T06:24:12.457Z"}
{"account":"TomHill - Dilsher","level":"warn","message":"Resetting browser session","timestamp":"2026-10-02T06:24:12.458Z"}
{"accountId":"tomhill_ayush","accountName":"TomHill - Ayush","level":"info","message":"Starting account sync","timestamp":"2026-10-02T06:24:12.727Z"}
{"account":"TomHill - Ayush","headless":false,"level":"info","message":"Launching Playwright browser","timestamp":"2026-10-02T06:24:12.727Z"}
{"account":"TomHill - Ayush","level":"info","message":"Browser session ready","reusedStoredSession":false,"timestamp":"2026-10-02T06:24:13.084Z"}
{"level":"info","message":"Login required, submitting authorized credentials","timestamp":"2026-10-02T06:24:14.679Z"}
{"html":"logs/challenge-tomhill_ayush-captcha.html","level":"info","message":"Saved challenge evidence","screenshot":"logs/challenge-tomhill_ayush-captcha.png","timestamp":"2026-10-02T06:24:18.588Z"}
{"level":"info","message":"Waiting up to 300s for you to complete the CAPTCHA challenge in the open browser window...","timestamp":"2026-10-02T06:24:18.589Z"}
{"account":"TomHill - Ayush","level":"debug","message":"Saved Playwright storage state","path":"C:\\Users\\Krishna\\Downloads\\uppromote-sheets-sync-step1\\uppromote-sheets-sync-step1\\playwright-session\\tomhill_ayush.json","timestamp":"2026-10-02T06:25:07.592Z"}
{"level":"info","message":"Challenge resolved manually, session saved","timestamp":"2026-10-02T06:25:07.593Z"}
{"level":"debug","message":"Set table page length to maximum","timestamp":"2026-10-02T06:25:13.854Z","value":"100"}
{"level":"info","maxRows":100,"message":"Scraped current orders page","rowsFound":0,"timestamp":"2026-10-02T06:25:13.878Z"}
{"accountId":"tomhill_ayush","accountName":"TomHill - Ayush","challenge":false,"level":"error","message":"Account sync failed Refusing to replace account TomHill - Ayush with an empty dataset","stack":"Error: Refusing to replace account TomHill - Ayush with an empty dataset\n    at replaceAccountOrders (file:///C:/Users/Krishna/Downloads/uppromote-sheets-sync-step1/uppromote-sheets-sync-step1/sheets/writer.js:101:11)\n    at runSync (file:///C:/Users/Krishna/Downloads/uppromote-sheets-sync-step1/uppromote-sheets-sync-step1/sync/syncEngine.js:41:35)\n    at async file:///C:/Users/Krishna/Downloads/uppromote-sheets-sync-step1/uppromote-sheets-sync-step1/runner.js:5:18","timestamp":"2026-10-02T06:25:13.879Z"}
{"account":"TomHill - Ayush","level":"debug","message":"Saved Playwright storage state","path":"C:\\Users\\Krishna\\Downloads\\uppromote-sheets-sync-step1\\uppromote-sheets-sync-step1\\playwright-session\\tomhill_ayush.json","timestamp":"2026-10-02T06:25:13.956Z"}
{"account":"TomHill - Ayush","level":"warn","message":"Resetting browser session","timestamp":"2026-10-02T06:25:13.957Z"}
{"accountCount":7,"accounts":[{"accepted":13,"accountId":"tomhill_reet","accountName":"TomHill - Reet","durationSeconds":16,"finalRowCount":842,"keptOtherAccounts":829,"mode":"full","ok":true,"pagesScraped":1,"paginationComplete":true,"received":13,"records":13,"removedOld":13,"stopReason":"single-page-100-row-mode","written":13},{"accountId":"tomhill_aryan","accountName":"TomHill - Aryan","challenge":null,"message":"Refusing to replace account TomHill - Aryan with an empty dataset","ok":false},{"accountId":"tomhill_krishna","accountName":"TomHill - Krishna","challenge":null,"message":"Apps Script returned non-JSON response (HTTP 404): <!DOCTYPE html><html lang=\"en\"><head><script nonce=\"QmvA444K2WBX3jSEWDdfzg\">window['ppConfig'] = {productName: '26981ed0d57bbad37e728ff58134270c', deleteIsEnforced:  false , sealIsEnforced:  false , heartbeatRate:  0.5 , periodicReportingRateMillis:  60000.0 , disableAllReporting:  false };(function(){'use strict';function k(a){var b=0;return function(){return b<a.length?{done:!1,value:a[b++]}:{done:!0}}}function l(a){var b=typeof Symbol!=\"undefined\"&&Symbol.iterator&&a[Symbol.iterator];if(b)ret","ok":false},{"accountId":"tomhill_team","accountName":"TomHill - Team","challenge":null,"message":"Refusing to replace account TomHill - Team with an empty dataset","ok":false},{"accountId":"tomhill_sayan","accountName":"TomHill - Sayan","challenge":null,"message":"Refusing to replace account TomHill - Sayan with an empty dataset","ok":false},{"accountId":"tomhill_dilsher","accountName":"TomHill - Dilsher","challenge":null,"message":"Refusing to replace account TomHill - Dilsher with an empty dataset","ok":false},{"accountId":"tomhill_ayush","accountName":"TomHill - Ayush","challenge":null,"message":"Refusing to replace account TomHill - Ayush with an empty dataset","ok":false}],"completedAt":"2026-10-02T06:25:14.226Z","durationSeconds":380,"failed":6,"level":"info","message":"Multi-account sync finished","mode":"full","startedAt":"2026-10-02T06:18:54.539Z","succeeded":1,"timestamp":"2026-10-02T06:25:14.226Z"}
{"accountCount":17,"level":"info","message":"Multi-account sync started","mode":"full","startedAt":"2026-10-02T06:25:54.267Z","timestamp":"2026-10-02T06:25:54.268Z"}
{"accountId":"hypd_dilsher","accountName":"HYPD - Dilsher","level":"info","message":"Starting account sync","timestamp":"2026-10-02T06:25:54.270Z"}
{"account":"HYPD - Dilsher","headless":false,"level":"info","message":"Launching Playwright browser","timestamp":"2026-10-02T06:25:54.271Z"}
{"account":"HYPD - Dilsher","level":"info","message":"Browser session ready","reusedStoredSession":true,"timestamp":"2026-10-02T06:25:54.883Z"}
{"level":"info","message":"Login required, submitting authorized credentials","timestamp":"2026-10-02T06:25:56.802Z"}
{"accountId":"hypd_dilsher","accountName":"HYPD - Dilsher","challenge":false,"level":"error","message":"Account sync failed Login submitted but authenticated dashboard was not detected. Check credentials / selectors.","stack":"Error: Login submitted but authenticated dashboard was not detected. Check credentials / selectors.\n    at ensureAuthenticated (file:///C:/Users/Krishna/Downloads/uppromote-sheets-sync-step1/uppromote-sheets-sync-step1/scraper/auth.js:150:11)\n    at async runSync (file:///C:/Users/Krishna/Downloads/uppromote-sheets-sync-step1/uppromote-sheets-sync-step1/sync/syncEngine.js:25:20)\n    at async file:///C:/Users/Krishna/Downloads/uppromote-sheets-sync-step1/uppromote-sheets-sync-step1/runner.js:5:18","timestamp":"2026-10-02T06:25:58.932Z"}
{"account":"HYPD - Dilsher","level":"debug","message":"Saved Playwright storage state","path":"C:\\Users\\Krishna\\Downloads\\uppromote-sheets-sync-step1\\uppromote-sheets-sync-step1\\playwright-session\\hypd_dilsher.json","timestamp":"2026-10-02T06:25:59.197Z"}
{"account":"HYPD - Dilsher","level":"warn","message":"Resetting browser session","timestamp":"2026-10-02T06:25:59.198Z"}
{"accountId":"hypd_aryan","accountName":"HYPD - Aryan","level":"info","message":"Starting account sync","timestamp":"2026-10-02T06:25:59.421Z"}
{"account":"HYPD - Aryan","headless":false,"level":"info","message":"Launching Playwright browser","timestamp":"2026-10-02T06:25:59.421Z"}
{"account":"HYPD - Aryan","level":"info","message":"Browser session ready","reusedStoredSession":true,"timestamp":"2026-10-02T06:25:59.988Z"}
{"level":"info","message":"Login required, submitting authorized credentials","timestamp":"2026-10-02T06:26:01.722Z"}
{"accountId":"hypd_aryan","accountName":"HYPD - Aryan","challenge":false,"level":"error","message":"Account sync failed locator.click: Target page, context or browser has been closed\nCall log:\n\u001b[2m  - waiting for locator('button[type=submit]').first()\u001b[22m\n\u001b[2m    - locator resolved to <button type=\"submit\" id=\"login_button_text\" class=\"btn text-white block full-width m-b\">Login</button>\u001b[22m\n\u001b[2m  - attempting click action\u001b[22m\n\u001b[2m    2 × waiting for element to be visible, enabled and stable\u001b[22m\n\u001b[2m      - element is not stable\u001b[22m\n\u001b[2m    - retrying click action\u001b[22m\n\u001b[2m    - waiting 20ms\u001b[22m\n\u001b[2m    2 × waiting for element to be visible, enabled and stable\u001b[22m\n\u001b[2m      - element is not stable\u001b[22m\n\u001b[2m    - retrying click action\u001b[22m\n\u001b[2m      - waiting 100ms\u001b[22m\n\u001b[2m    - waiting for element to be visible, enabled and stable\u001b[22m\n\u001b[2m    - element is not stable\u001b[22m\n\u001b[2m  - retrying click action\u001b[22m\n\u001b[2m    - waiting 500ms\u001b[22m\n","stack":"locator.click: Target page, context or browser has been closed\nCall log:\n\u001b[2m  - waiting for locator('button[type=submit]').first()\u001b[22m\n\u001b[2m    - locator resolved to <button type=\"submit\" id=\"login_button_text\" class=\"btn text-white block full-width m-b\">Login</button>\u001b[22m\n\u001b[2m  - attempting click action\u001b[22m\n\u001b[2m    2 × waiting for element to be visible, enabled and stable\u001b[22m\n\u001b[2m      - element is not stable\u001b[22m\n\u001b[2m    - retrying click action\u001b[22m\n\u001b[2m    - waiting 20ms\u001b[22m\n\u001b[2m    2 × waiting for element to be visible, enabled and stable\u001b[22m\n\u001b[2m      - element is not stable\u001b[22m\n\u001b[2m    - retrying click action\u001b[22m\n\u001b[2m      - waiting 100ms\u001b[22m\n\u001b[2m    - waiting for element to be visible, enabled and stable\u001b[22m\n\u001b[2m    - element is not stable\u001b[22m\n\u001b[2m  - retrying click action\u001b[22m\n\u001b[2m    - waiting 500ms\u001b[22m\n\n    at ensureAuthenticated (C:\\Users\\Krishna\\Downloads\\uppromote-sheets-sync-step1\\uppromote-sheets-sync-step1\\scraper\\auth.js:134:12)\n    at async runSync (C:\\Users\\Krishna\\Downloads\\uppromote-sheets-sync-step1\\uppromote-sheets-sync-step1\\sync\\syncEngine.js:25:20)\n    at async file:///C:/Users/Krishna/Downloads/uppromote-sheets-sync-step1/uppromote-sheets-sync-step1/runner.js:5:18","timestamp":"2026-10-02T06:26:02.296Z"}
{"account":"HYPD - Aryan","level":"warn","message":"Resetting browser session","timestamp":"2026-10-02T06:26:02.340Z"}
{"accountId":"hypd_aastha","accountName":"HYPD - Aastha","level":"info","message":"Starting account sync","timestamp":"2026-10-02T06:26:02.344Z"}
{"account":"HYPD - Aastha","headless":false,"level":"info","message":"Launching Playwright browser","timestamp":"2026-10-02T06:26:02.347Z"}
{"accountCount":17,"level":"info","message":"Multi-account sync started","mode":"full","startedAt":"2026-10-02T06:26:22.770Z","timestamp":"2026-10-02T06:26:22.772Z"}
{"accountId":"hypd_dilsher","accountName":"HYPD - Dilsher","level":"info","message":"Starting account sync","timestamp":"2026-10-02T06:26:22.774Z"}
{"account":"HYPD - Dilsher","headless":true,"level":"info","message":"Launching Playwright browser","timestamp":"2026-10-02T06:26:22.774Z"}
{"account":"HYPD - Dilsher","level":"info","message":"Browser session ready","reusedStoredSession":true,"timestamp":"2026-10-02T06:26:22.997Z"}
{"level":"info","message":"Login required, submitting authorized credentials","timestamp":"2026-10-02T06:26:27.692Z"}
{"html":"logs/challenge-hypd_dilsher-captcha.html","level":"info","message":"Saved challenge evidence","screenshot":"logs/challenge-hypd_dilsher-captcha.png","timestamp":"2026-10-02T06:26:30.919Z"}
{"accountId":"hypd_dilsher","accountName":"HYPD - Dilsher","challenge":true,"challengeKind":"captcha","level":"error","message":"Account sync failed Authorized user interaction required: captcha","stack":"AuthChallengeError: Authorized user interaction required: captcha\n    at ensureAuthenticated (file:///C:/Users/Krishna/Downloads/uppromote-sheets-sync-step1/uppromote-sheets-sync-step1/scraper/auth.js:146:11)\n    at async runSync (file:///C:/Users/Krishna/Downloads/uppromote-sheets-sync-step1/uppromote-sheets-sync-step1/sync/syncEngine.js:25:20)\n    at async file:///C:/Users/Krishna/Downloads/uppromote-sheets-sync-step1/uppromote-sheets-sync-step1/runner.js:5:18","timestamp":"2026-10-02T06:26:30.919Z"}
{"account":"HYPD - Dilsher","level":"debug","message":"Saved Playwright storage state","path":"C:\\Users\\Krishna\\Downloads\\uppromote-sheets-sync-step1\\uppromote-sheets-sync-step1\\playwright-session\\hypd_dilsher.json","timestamp":"2026-10-02T06:26:30.984Z"}
{"account":"HYPD - Dilsher","level":"warn","message":"Resetting browser session","timestamp":"2026-10-02T06:26:30.985Z"}
{"accountId":"hypd_aryan","accountName":"HYPD - Aryan","level":"info","message":"Starting account sync","timestamp":"2026-10-02T06:26:31.582Z"}
{"account":"HYPD - Aryan","headless":true,"level":"info","message":"Launching Playwright browser","timestamp":"2026-10-02T06:26:31.583Z"}
{"account":"HYPD - Aryan","level":"info","message":"Browser session ready","reusedStoredSession":true,"timestamp":"2026-10-02T06:26:31.784Z"}
{"level":"info","message":"Login required, submitting authorized credentials","timestamp":"2026-10-02T06:26:33.675Z"}
{"html":"logs/challenge-hypd_aryan-captcha.html","level":"info","message":"Saved challenge evidence","screenshot":"logs/challenge-hypd_aryan-captcha.png","timestamp":"2026-10-02T06:26:37.179Z"}
{"accountId":"hypd_aryan","accountName":"HYPD - Aryan","challenge":true,"challengeKind":"captcha","level":"error","message":"Account sync failed Authorized user interaction required: captcha","stack":"AuthChallengeError: Authorized user interaction required: captcha\n    at ensureAuthenticated (file:///C:/Users/Krishna/Downloads/uppromote-sheets-sync-step1/uppromote-sheets-sync-step1/scraper/auth.js:146:11)\n    at async runSync (file:///C:/Users/Krishna/Downloads/uppromote-sheets-sync-step1/uppromote-sheets-sync-step1/sync/syncEngine.js:25:20)\n    at async file:///C:/Users/Krishna/Downloads/uppromote-sheets-sync-step1/uppromote-sheets-sync-step1/runner.js:5:18","timestamp":"2026-10-02T06:26:37.180Z"}
{"account":"HYPD - Aryan","level":"debug","message":"Saved Playwright storage state","path":"C:\\Users\\Krishna\\Downloads\\uppromote-sheets-sync-step1\\uppromote-sheets-sync-step1\\playwright-session\\hypd_aryan.json","timestamp":"2026-10-02T06:26:37.238Z"}
{"account":"HYPD - Aryan","level":"warn","message":"Resetting browser session","timestamp":"2026-10-02T06:26:37.239Z"}
{"accountId":"hypd_aastha","accountName":"HYPD - Aastha","level":"info","message":"Starting account sync","timestamp":"2026-10-02T06:26:37.823Z"}
{"account":"HYPD - Aastha","headless":true,"level":"info","message":"Launching Playwright browser","timestamp":"2026-10-02T06:26:37.823Z"}
{"account":"HYPD - Aastha","level":"info","message":"Browser session ready","reusedStoredSession":true,"timestamp":"2026-10-02T06:26:38.029Z"}
{"level":"info","message":"Login required, submitting authorized credentials","timestamp":"2026-10-02T06:26:39.974Z"}
{"html":"logs/challenge-hypd_aastha-captcha.html","level":"info","message":"Saved challenge evidence","screenshot":"logs/challenge-hypd_aastha-captcha.png","timestamp":"2026-10-02T06:26:43.079Z"}
{"accountId":"hypd_aastha","accountName":"HYPD - Aastha","challenge":true,"challengeKind":"captcha","level":"error","message":"Account sync failed Authorized user interaction required: captcha","stack":"AuthChallengeError: Authorized user interaction required: captcha\n    at ensureAuthenticated (file:///C:/Users/Krishna/Downloads/uppromote-sheets-sync-step1/uppromote-sheets-sync-step1/scraper/auth.js:146:11)\n    at async runSync (file:///C:/Users/Krishna/Downloads/uppromote-sheets-sync-step1/uppromote-sheets-sync-step1/sync/syncEngine.js:25:20)\n    at async file:///C:/Users/Krishna/Downloads/uppromote-sheets-sync-step1/uppromote-sheets-sync-step1/runner.js:5:18","timestamp":"2026-10-02T06:26:43.080Z"}
{"account":"HYPD - Aastha","level":"debug","message":"Saved Playwright storage state","path":"C:\\Users\\Krishna\\Downloads\\uppromote-sheets-sync-step1\\uppromote-sheets-sync-step1\\playwright-session\\hypd_aastha.json","timestamp":"2026-10-02T06:26:43.149Z"}
{"account":"HYPD - Aastha","level":"warn","message":"Resetting browser session","timestamp":"2026-10-02T06:26:43.149Z"}
{"accountId":"hypd_sayan","accountName":"HYPD - Sayan","level":"info","message":"Starting account sync","timestamp":"2026-10-02T06:26:43.754Z"}
{"account":"HYPD - Sayan","headless":true,"level":"info","message":"Launching Playwright browser","timestamp":"2026-10-02T06:26:43.755Z"}
{"account":"HYPD - Sayan","level":"info","message":"Browser session ready","reusedStoredSession":true,"timestamp":"2026-10-02T06:26:43.965Z"}
{"level":"info","message":"Login required, submitting authorized credentials","timestamp":"2026-10-02T06:26:45.624Z"}
{"html":"logs/challenge-hypd_sayan-captcha.html","level":"info","message":"Saved challenge evidence","screenshot":"logs/challenge-hypd_sayan-captcha.png","timestamp":"2026-10-02T06:26:49.251Z"}
{"accountId":"hypd_sayan","accountName":"HYPD - Sayan","challenge":true,"challengeKind":"captcha","level":"error","message":"Account sync failed Authorized user interaction required: captcha","stack":"AuthChallengeError: Authorized user interaction required: captcha\n    at ensureAuthenticated (file:///C:/Users/Krishna/Downloads/uppromote-sheets-sync-step1/uppromote-sheets-sync-step1/scraper/auth.js:146:11)\n    at async runSync (file:///C:/Users/Krishna/Downloads/uppromote-sheets-sync-step1/uppromote-sheets-sync-step1/sync/syncEngine.js:25:20)\n    at async file:///C:/Users/Krishna/Downloads/uppromote-sheets-sync-step1/uppromote-sheets-sync-step1/runner.js:5:18","timestamp":"2026-10-02T06:26:49.251Z"}
{"account":"HYPD - Sayan","level":"debug","message":"Saved Playwright storage state","path":"C:\\Users\\Krishna\\Downloads\\uppromote-sheets-sync-step1\\uppromote-sheets-sync-step1\\playwright-session\\hypd_sayan.json","timestamp":"2026-10-02T06:26:49.311Z"}
{"account":"HYPD - Sayan","level":"warn","message":"Resetting browser session","timestamp":"2026-10-02T06:26:49.311Z"}
{"accountId":"hypd_ayush","accountName":"HYPD - Ayush","level":"info","message":"Starting account sync","timestamp":"2026-10-02T06:26:49.892Z"}
{"account":"HYPD - Ayush","headless":true,"level":"info","message":"Launching Playwright browser","timestamp":"2026-10-02T06:26:49.892Z"}
{"account":"HYPD - Ayush","level":"info","message":"Browser session ready","reusedStoredSession":true,"timestamp":"2026-10-02T06:26:50.091Z"}
{"level":"info","message":"Login required, submitting authorized credentials","timestamp":"2026-10-02T06:26:51.771Z"}
{"html":"logs/challenge-hypd_ayush-captcha.html","level":"info","message":"Saved challenge evidence","screenshot":"logs/challenge-hypd_ayush-captcha.png","timestamp":"2026-10-02T06:26:55.385Z"}
{"accountId":"hypd_ayush","accountName":"HYPD - Ayush","challenge":true,"challengeKind":"captcha","level":"error","message":"Account sync failed Authorized user interaction required: captcha","stack":"AuthChallengeError: Authorized user interaction required: captcha\n    at ensureAuthenticated (file:///C:/Users/Krishna/Downloads/uppromote-sheets-sync-step1/uppromote-sheets-sync-step1/scraper/auth.js:146:11)\n    at async runSync (file:///C:/Users/Krishna/Downloads/uppromote-sheets-sync-step1/uppromote-sheets-sync-step1/sync/syncEngine.js:25:20)\n    at async file:///C:/Users/Krishna/Downloads/uppromote-sheets-sync-step1/uppromote-sheets-sync-step1/runner.js:5:18","timestamp":"2026-10-02T06:26:55.386Z"}
{"account":"HYPD - Ayush","level":"debug","message":"Saved Playwright storage state","path":"C:\\Users\\Krishna\\Downloads\\uppromote-sheets-sync-step1\\uppromote-sheets-sync-step1\\playwright-session\\hypd_ayush.json","timestamp":"2026-10-02T06:26:55.456Z"}
{"account":"HYPD - Ayush","level":"warn","message":"Resetting browser session","timestamp":"2026-10-02T06:26:55.456Z"}
{"accountId":"hypd_prathmesh","accountName":"HYPD - Prathmesh","level":"info","message":"Starting account sync","timestamp":"2026-10-02T06:26:56.055Z"}
{"account":"HYPD - Prathmesh","headless":true,"level":"info","message":"Launching Playwright browser","timestamp":"2026-10-02T06:26:56.055Z"}
{"account":"HYPD - Prathmesh","level":"info","message":"Browser session ready","reusedStoredSession":true,"timestamp":"2026-10-02T06:26:56.249Z"}
{"level":"info","message":"Login required, submitting authorized credentials","timestamp":"2026-10-02T06:26:58.264Z"}
{"html":"logs/challenge-hypd_prathmesh-captcha.html","level":"info","message":"Saved challenge evidence","screenshot":"logs/challenge-hypd_prathmesh-captcha.png","timestamp":"2026-10-02T06:27:02.185Z"}
{"accountId":"hypd_prathmesh","accountName":"HYPD - Prathmesh","challenge":true,"challengeKind":"captcha","level":"error","message":"Account sync failed Authorized user interaction required: captcha","stack":"AuthChallengeError: Authorized user interaction required: captcha\n    at ensureAuthenticated (file:///C:/Users/Krishna/Downloads/uppromote-sheets-sync-step1/uppromote-sheets-sync-step1/scraper/auth.js:146:11)\n    at async runSync (file:///C:/Users/Krishna/Downloads/uppromote-sheets-sync-step1/uppromote-sheets-sync-step1/sync/syncEngine.js:25:20)\n    at async file:///C:/Users/Krishna/Downloads/uppromote-sheets-sync-step1/uppromote-sheets-sync-step1/runner.js:5:18","timestamp":"2026-10-02T06:27:02.185Z"}
{"account":"HYPD - Prathmesh","level":"debug","message":"Saved Playwright storage state","path":"C:\\Users\\Krishna\\Downloads\\uppromote-sheets-sync-step1\\uppromote-sheets-sync-step1\\playwright-session\\hypd_prathmesh.json","timestamp":"2026-10-02T06:27:02.244Z"}
{"account":"HYPD - Prathmesh","level":"warn","message":"Resetting browser session","timestamp":"2026-10-02T06:27:02.244Z"}
{"accountId":"hypd_team","accountName":"HYPD - Team","level":"info","message":"Starting account sync","timestamp":"2026-10-02T06:27:02.840Z"}
{"account":"HYPD - Team","headless":true,"level":"info","message":"Launching Playwright browser","timestamp":"2026-10-02T06:27:02.840Z"}
{"account":"HYPD - Team","level":"info","message":"Browser session ready","reusedStoredSession":true,"timestamp":"2026-10-02T06:27:03.037Z"}
{"level":"info","message":"Login required, submitting authorized credentials","timestamp":"2026-10-02T06:27:04.680Z"}
{"html":"logs/challenge-hypd_team-captcha.html","level":"info","message":"Saved challenge evidence","screenshot":"logs/challenge-hypd_team-captcha.png","timestamp":"2026-10-02T06:27:08.229Z"}
{"accountId":"hypd_team","accountName":"HYPD - Team","challenge":true,"challengeKind":"captcha","level":"error","message":"Account sync failed Authorized user interaction required: captcha","stack":"AuthChallengeError: Authorized user interaction required: captcha\n    at ensureAuthenticated (file:///C:/Users/Krishna/Downloads/uppromote-sheets-sync-step1/uppromote-sheets-sync-step1/scraper/auth.js:146:11)\n    at async runSync (file:///C:/Users/Krishna/Downloads/uppromote-sheets-sync-step1/uppromote-sheets-sync-step1/sync/syncEngine.js:25:20)\n    at async file:///C:/Users/Krishna/Downloads/uppromote-sheets-sync-step1/uppromote-sheets-sync-step1/runner.js:5:18","timestamp":"2026-10-02T06:27:08.230Z"}
{"account":"HYPD - Team","level":"debug","message":"Saved Playwright storage state","path":"C:\\Users\\Krishna\\Downloads\\uppromote-sheets-sync-step1\\uppromote-sheets-sync-step1\\playwright-session\\hypd_team.json","timestamp":"2026-10-02T06:27:08.298Z"}
{"account":"HYPD - Team","level":"warn","message":"Resetting browser session","timestamp":"2026-10-02T06:27:08.299Z"}
{"accountId":"hypd_reet","accountName":"HYPD - Reet","level":"info","message":"Starting account sync","timestamp":"2026-10-02T06:27:08.881Z"}
{"account":"HYPD - Reet","headless":true,"level":"info","message":"Launching Playwright browser","timestamp":"2026-10-02T06:27:08.881Z"}
{"account":"HYPD - Reet","level":"info","message":"Browser session ready","reusedStoredSession":true,"timestamp":"2026-10-02T06:27:09.081Z"}
{"level":"info","message":"Login required, submitting authorized credentials","timestamp":"2026-10-02T06:27:10.695Z"}
{"html":"logs/challenge-hypd_reet-captcha.html","level":"info","message":"Saved challenge evidence","screenshot":"logs/challenge-hypd_reet-captcha.png","timestamp":"2026-10-02T06:27:14.178Z"}
{"accountId":"hypd_reet","accountName":"HYPD - Reet","challenge":true,"challengeKind":"captcha","level":"error","message":"Account sync failed Authorized user interaction required: captcha","stack":"AuthChallengeError: Authorized user interaction required: captcha\n    at ensureAuthenticated (file:///C:/Users/Krishna/Downloads/uppromote-sheets-sync-step1/uppromote-sheets-sync-step1/scraper/auth.js:146:11)\n    at async runSync (file:///C:/Users/Krishna/Downloads/uppromote-sheets-sync-step1/uppromote-sheets-sync-step1/sync/syncEngine.js:25:20)\n    at async file:///C:/Users/Krishna/Downloads/uppromote-sheets-sync-step1/uppromote-sheets-sync-step1/runner.js:5:18","timestamp":"2026-10-02T06:27:14.179Z"}
{"account":"HYPD - Reet","level":"debug","message":"Saved Playwright storage state","path":"C:\\Users\\Krishna\\Downloads\\uppromote-sheets-sync-step1\\uppromote-sheets-sync-step1\\playwright-session\\hypd_reet.json","timestamp":"2026-10-02T06:27:14.239Z"}
{"account":"HYPD - Reet","level":"warn","message":"Resetting browser session","timestamp":"2026-10-02T06:27:14.240Z"}
{"accountId":"hypd_krishna","accountName":"HYPD - Krishna","level":"info","message":"Starting account sync","timestamp":"2026-10-02T06:27:14.821Z"}
{"account":"HYPD - Krishna","headless":true,"level":"info","message":"Launching Playwright browser","timestamp":"2026-10-02T06:27:14.821Z"}
{"account":"HYPD - Krishna","level":"info","message":"Browser session ready","reusedStoredSession":true,"timestamp":"2026-10-02T06:27:15.022Z"}
{"level":"info","message":"Login required, submitting authorized credentials","timestamp":"2026-10-02T06:27:16.659Z"}
{"html":"logs/challenge-hypd_krishna-captcha.html","level":"info","message":"Saved challenge evidence","screenshot":"logs/challenge-hypd_krishna-captcha.png","timestamp":"2026-10-02T06:27:20.111Z"}
{"accountId":"hypd_krishna","accountName":"HYPD - Krishna","challenge":true,"challengeKind":"captcha","level":"error","message":"Account sync failed Authorized user interaction required: captcha","stack":"AuthChallengeError: Authorized user interaction required: captcha\n    at ensureAuthenticated (file:///C:/Users/Krishna/Downloads/uppromote-sheets-sync-step1/uppromote-sheets-sync-step1/scraper/auth.js:146:11)\n    at async runSync (file:///C:/Users/Krishna/Downloads/uppromote-sheets-sync-step1/uppromote-sheets-sync-step1/sync/syncEngine.js:25:20)\n    at async file:///C:/Users/Krishna/Downloads/uppromote-sheets-sync-step1/uppromote-sheets-sync-step1/runner.js:5:18","timestamp":"2026-10-02T06:27:20.111Z"}
{"account":"HYPD - Krishna","level":"debug","message":"Saved Playwright storage state","path":"C:\\Users\\Krishna\\Downloads\\uppromote-sheets-sync-step1\\uppromote-sheets-sync-step1\\playwright-session\\hypd_krishna.json","timestamp":"2026-10-02T06:27:20.173Z"}
{"account":"HYPD - Krishna","level":"warn","message":"Resetting browser session","timestamp":"2026-10-02T06:27:20.173Z"}
{"accountId":"hypd_sayan_socialnorm","accountName":"HYPD - Sayan (SocialNorm)","level":"info","message":"Starting account sync","timestamp":"2026-10-02T06:27:20.755Z"}
{"account":"HYPD - Sayan (SocialNorm)","headless":true,"level":"info","message":"Launching Playwright browser","timestamp":"2026-10-02T06:27:20.755Z"}
{"account":"HYPD - Sayan (SocialNorm)","level":"info","message":"Browser session ready","reusedStoredSession":false,"timestamp":"2026-10-02T06:27:20.871Z"}
{"level":"info","message":"Login required, submitting authorized credentials","timestamp":"2026-10-02T06:27:22.622Z"}
{"html":"logs/challenge-hypd_sayan_socialnorm-captcha.html","level":"info","message":"Saved challenge evidence","screenshot":"logs/challenge-hypd_sayan_socialnorm-captcha.png","timestamp":"2026-10-02T06:27:26.248Z"}
{"accountId":"hypd_sayan_socialnorm","accountName":"HYPD - Sayan (SocialNorm)","challenge":true,"challengeKind":"captcha","level":"error","message":"Account sync failed Authorized user interaction required: captcha","stack":"AuthChallengeError: Authorized user interaction required: captcha\n    at ensureAuthenticated (file:///C:/Users/Krishna/Downloads/uppromote-sheets-sync-step1/uppromote-sheets-sync-step1/scraper/auth.js:146:11)\n    at async runSync (file:///C:/Users/Krishna/Downloads/uppromote-sheets-sync-step1/uppromote-sheets-sync-step1/sync/syncEngine.js:25:20)\n    at async file:///C:/Users/Krishna/Downloads/uppromote-sheets-sync-step1/uppromote-sheets-sync-step1/runner.js:5:18","timestamp":"2026-10-02T06:27:26.248Z"}
{"account":"HYPD - Sayan (SocialNorm)","level":"debug","message":"Saved Playwright storage state","path":"C:\\Users\\Krishna\\Downloads\\uppromote-sheets-sync-step1\\uppromote-sheets-sync-step1\\playwright-session\\hypd_sayan_socialnorm.json","timestamp":"2026-10-02T06:27:26.310Z"}
{"account":"HYPD - Sayan (SocialNorm)","level":"warn","message":"Resetting browser session","timestamp":"2026-10-02T06:27:26.310Z"}
{"accountId":"tomhill_reet","accountName":"TomHill - Reet","level":"info","message":"Starting account sync","timestamp":"2026-10-02T06:27:26.888Z"}
{"account":"TomHill - Reet","headless":true,"level":"info","message":"Launching Playwright browser","timestamp":"2026-10-02T06:27:26.888Z"}
{"account":"TomHill - Reet","level":"info","message":"Browser session ready","reusedStoredSession":true,"timestamp":"2026-10-02T06:27:27.142Z"}
{"account":"TomHill - Reet","level":"info","message":"Already authenticated (reused session)","timestamp":"2026-10-02T06:27:29.602Z"}
{"level":"debug","message":"Set table page length to maximum","timestamp":"2026-10-02T06:27:32.726Z","value":"100"}
{"level":"info","maxRows":100,"message":"Scraped current orders page","rowsFound":13,"timestamp":"2026-10-02T06:27:32.772Z"}
{"accepted":13,"account":"TomHill - Reet","finalRowCount":847,"keptOtherAccounts":834,"level":"info","message":"Google Sheets account replacement completed","ok":true,"received":13,"removedOld":13,"timestamp":"2026-10-02T06:27:47.797Z","written":13}
{"accepted":13,"accountId":"tomhill_reet","accountName":"TomHill - Reet","durationSeconds":21,"finalRowCount":847,"keptOtherAccounts":834,"level":"info","message":"Account sync completed","mode":"full","ok":true,"pagesScraped":1,"paginationComplete":true,"received":13,"records":13,"removedOld":13,"stopReason":"single-page-100-row-mode","timestamp":"2026-10-02T06:27:47.798Z","written":13}
{"account":"TomHill - Reet","level":"debug","message":"Saved Playwright storage state","path":"C:\\Users\\Krishna\\Downloads\\uppromote-sheets-sync-step1\\uppromote-sheets-sync-step1\\playwright-session\\tomhill_reet.json","timestamp":"2026-10-02T06:27:47.854Z"}
{"account":"TomHill - Reet","level":"warn","message":"Resetting browser session","timestamp":"2026-10-02T06:27:47.855Z"}
{"accountId":"tomhill_aryan","accountName":"TomHill - Aryan","level":"info","message":"Starting account sync","timestamp":"2026-10-02T06:27:49.461Z"}
{"account":"TomHill - Aryan","headless":true,"level":"info","message":"Launching Playwright browser","timestamp":"2026-10-02T06:27:49.461Z"}
{"account":"TomHill - Aryan","level":"info","message":"Browser session ready","reusedStoredSession":true,"timestamp":"2026-10-02T06:27:49.706Z"}
{"account":"TomHill - Aryan","level":"info","message":"Already authenticated (reused session)","timestamp":"2026-10-02T06:27:52.192Z"}
{"level":"debug","message":"Set table page length to maximum","timestamp":"2026-10-02T06:27:55.291Z","value":"100"}
{"level":"info","maxRows":100,"message":"Scraped current orders page","rowsFound":0,"timestamp":"2026-10-02T06:27:55.315Z"}
{"accountId":"tomhill_aryan","accountName":"TomHill - Aryan","challenge":false,"level":"error","message":"Account sync failed Refusing to replace account TomHill - Aryan with an empty dataset","stack":"Error: Refusing to replace account TomHill - Aryan with an empty dataset\n    at replaceAccountOrders (file:///C:/Users/Krishna/Downloads/uppromote-sheets-sync-step1/uppromote-sheets-sync-step1/sheets/writer.js:101:11)\n    at runSync (file:///C:/Users/Krishna/Downloads/uppromote-sheets-sync-step1/uppromote-sheets-sync-step1/sync/syncEngine.js:41:35)\n    at async file:///C:/Users/Krishna/Downloads/uppromote-sheets-sync-step1/uppromote-sheets-sync-step1/runner.js:5:18","timestamp":"2026-10-02T06:27:55.316Z"}
{"account":"TomHill - Aryan","level":"debug","message":"Saved Playwright storage state","path":"C:\\Users\\Krishna\\Downloads\\uppromote-sheets-sync-step1\\uppromote-sheets-sync-step1\\playwright-session\\tomhill_aryan.json","timestamp":"2026-10-02T06:27:55.373Z"}
{"account":"TomHill - Aryan","level":"warn","message":"Resetting browser session","timestamp":"2026-10-02T06:27:55.374Z"}
{"accountId":"tomhill_krishna","accountName":"TomHill - Krishna","level":"info","message":"Starting account sync","timestamp":"2026-10-02T06:27:56.016Z"}
{"account":"TomHill - Krishna","headless":true,"level":"info","message":"Launching Playwright browser","timestamp":"2026-10-02T06:27:56.017Z"}
{"account":"TomHill - Krishna","level":"info","message":"Browser session ready","reusedStoredSession":true,"timestamp":"2026-10-02T06:27:56.257Z"}
{"account":"TomHill - Krishna","level":"info","message":"Already authenticated (reused session)","timestamp":"2026-10-02T06:27:58.834Z"}
{"level":"debug","message":"Set table page length to maximum","timestamp":"2026-10-02T06:28:02.459Z","value":"100"}
{"level":"info","maxRows":100,"message":"Scraped current orders page","rowsFound":5,"timestamp":"2026-10-02T06:28:02.482Z"}
{"accepted":5,"account":"TomHill - Krishna","finalRowCount":847,"keptOtherAccounts":842,"level":"info","message":"Google Sheets account replacement completed","ok":true,"received":5,"removedOld":5,"timestamp":"2026-10-02T06:28:23.858Z","written":5}
{"accepted":5,"accountId":"tomhill_krishna","accountName":"TomHill - Krishna","durationSeconds":28,"finalRowCount":847,"keptOtherAccounts":842,"level":"info","message":"Account sync completed","mode":"full","ok":true,"pagesScraped":1,"paginationComplete":true,"received":5,"records":5,"removedOld":5,"stopReason":"single-page-100-row-mode","timestamp":"2026-10-02T06:28:23.859Z","written":5}
{"account":"TomHill - Krishna","level":"debug","message":"Saved Playwright storage state","path":"C:\\Users\\Krishna\\Downloads\\uppromote-sheets-sync-step1\\uppromote-sheets-sync-step1\\playwright-session\\tomhill_krishna.json","timestamp":"2026-10-02T06:28:23.919Z"}
{"account":"TomHill - Krishna","level":"warn","message":"Resetting browser session","timestamp":"2026-10-02T06:28:23.919Z"}
{"accountId":"tomhill_team","accountName":"TomHill - Team","level":"info","message":"Starting account sync","timestamp":"2026-10-02T06:28:25.531Z"}
{"account":"TomHill - Team","headless":true,"level":"info","message":"Launching Playwright browser","timestamp":"2026-10-02T06:28:25.531Z"}
{"account":"TomHill - Team","level":"info","message":"Browser session ready","reusedStoredSession":true,"timestamp":"2026-10-02T06:28:25.779Z"}
{"account":"TomHill - Team","level":"info","message":"Already authenticated (reused session)","timestamp":"2026-10-02T06:28:28.261Z"}
{"level":"debug","message":"Set table page length to maximum","timestamp":"2026-10-02T06:28:31.492Z","value":"100"}
{"level":"info","maxRows":100,"message":"Scraped current orders page","rowsFound":0,"timestamp":"2026-10-02T06:28:31.507Z"}
{"accountId":"tomhill_team","accountName":"TomHill - Team","challenge":false,"level":"error","message":"Account sync failed Refusing to replace account TomHill - Team with an empty dataset","stack":"Error: Refusing to replace account TomHill - Team with an empty dataset\n    at replaceAccountOrders (file:///C:/Users/Krishna/Downloads/uppromote-sheets-sync-step1/uppromote-sheets-sync-step1/sheets/writer.js:101:11)\n    at runSync (file:///C:/Users/Krishna/Downloads/uppromote-sheets-sync-step1/uppromote-sheets-sync-step1/sync/syncEngine.js:41:35)\n    at async file:///C:/Users/Krishna/Downloads/uppromote-sheets-sync-step1/uppromote-sheets-sync-step1/runner.js:5:18","timestamp":"2026-10-02T06:28:31.507Z"}
{"account":"TomHill - Team","level":"debug","message":"Saved Playwright storage state","path":"C:\\Users\\Krishna\\Downloads\\uppromote-sheets-sync-step1\\uppromote-sheets-sync-step1\\playwright-session\\tomhill_team.json","timestamp":"2026-10-02T06:28:31.567Z"}
{"account":"TomHill - Team","level":"warn","message":"Resetting browser session","timestamp":"2026-10-02T06:28:31.567Z"}
{"accountId":"tomhill_sayan","accountName":"TomHill - Sayan","level":"info","message":"Starting account sync","timestamp":"2026-10-02T06:28:32.149Z"}
{"account":"TomHill - Sayan","headless":true,"level":"info","message":"Launching Playwright browser","timestamp":"2026-10-02T06:28:32.150Z"}
{"account":"TomHill - Sayan","level":"info","message":"Browser session ready","reusedStoredSession":true,"timestamp":"2026-10-02T06:28:32.393Z"}
{"account":"TomHill - Sayan","level":"info","message":"Already authenticated (reused session)","timestamp":"2026-10-02T06:28:34.925Z"}
{"level":"debug","message":"Set table page length to maximum","timestamp":"2026-10-02T06:28:38.773Z","value":"100"}
{"level":"info","maxRows":100,"message":"Scraped current orders page","rowsFound":0,"timestamp":"2026-10-02T06:28:38.787Z"}
{"accountId":"tomhill_sayan","accountName":"TomHill - Sayan","challenge":false,"level":"error","message":"Account sync failed Refusing to replace account TomHill - Sayan with an empty dataset","stack":"Error: Refusing to replace account TomHill - Sayan with an empty dataset\n    at replaceAccountOrders (file:///C:/Users/Krishna/Downloads/uppromote-sheets-sync-step1/uppromote-sheets-sync-step1/sheets/writer.js:101:11)\n    at runSync (file:///C:/Users/Krishna/Downloads/uppromote-sheets-sync-step1/uppromote-sheets-sync-step1/sync/syncEngine.js:41:35)\n    at async file:///C:/Users/Krishna/Downloads/uppromote-sheets-sync-step1/uppromote-sheets-sync-step1/runner.js:5:18","timestamp":"2026-10-02T06:28:38.787Z"}
{"account":"TomHill - Sayan","level":"debug","message":"Saved Playwright storage state","path":"C:\\Users\\Krishna\\Downloads\\uppromote-sheets-sync-step1\\uppromote-sheets-sync-step1\\playwright-session\\tomhill_sayan.json","timestamp":"2026-10-02T06:28:38.844Z"}
{"account":"TomHill - Sayan","level":"warn","message":"Resetting browser session","timestamp":"2026-10-02T06:28:38.845Z"}
{"accountId":"tomhill_dilsher","accountName":"TomHill - Dilsher","level":"info","message":"Starting account sync","timestamp":"2026-10-02T06:28:39.425Z"}
{"account":"TomHill - Dilsher","headless":true,"level":"info","message":"Launching Playwright browser","timestamp":"2026-10-02T06:28:39.425Z"}
{"account":"TomHill - Dilsher","level":"info","message":"Browser session ready","reusedStoredSession":true,"timestamp":"2026-10-02T06:28:39.673Z"}
{"account":"TomHill - Dilsher","level":"info","message":"Already authenticated (reused session)","timestamp":"2026-10-02T06:28:42.116Z"}
{"level":"debug","message":"Set table page length to maximum","timestamp":"2026-10-02T06:28:45.157Z","value":"100"}
{"level":"info","maxRows":100,"message":"Scraped current orders page","rowsFound":0,"timestamp":"2026-10-02T06:28:45.180Z"}
{"accountId":"tomhill_dilsher","accountName":"TomHill - Dilsher","challenge":false,"level":"error","message":"Account sync failed Refusing to replace account TomHill - Dilsher with an empty dataset","stack":"Error: Refusing to replace account TomHill - Dilsher with an empty dataset\n    at replaceAccountOrders (file:///C:/Users/Krishna/Downloads/uppromote-sheets-sync-step1/uppromote-sheets-sync-step1/sheets/writer.js:101:11)\n    at runSync (file:///C:/Users/Krishna/Downloads/uppromote-sheets-sync-step1/uppromote-sheets-sync-step1/sync/syncEngine.js:41:35)\n    at async file:///C:/Users/Krishna/Downloads/uppromote-sheets-sync-step1/uppromote-sheets-sync-step1/runner.js:5:18","timestamp":"2026-10-02T06:28:45.180Z"}
{"account":"TomHill - Dilsher","level":"debug","message":"Saved Playwright storage state","path":"C:\\Users\\Krishna\\Downloads\\uppromote-sheets-sync-step1\\uppromote-sheets-sync-step1\\playwright-session\\tomhill_dilsher.json","timestamp":"2026-10-02T06:28:45.237Z"}
{"account":"TomHill - Dilsher","level":"warn","message":"Resetting browser session","timestamp":"2026-10-02T06:28:45.237Z"}
{"accountId":"tomhill_ayush","accountName":"TomHill - Ayush","level":"info","message":"Starting account sync","timestamp":"2026-10-02T06:28:45.837Z"}
{"account":"TomHill - Ayush","headless":true,"level":"info","message":"Launching Playwright browser","timestamp":"2026-10-02T06:28:45.837Z"}
{"account":"TomHill - Ayush","level":"info","message":"Browser session ready","reusedStoredSession":true,"timestamp":"2026-10-02T06:28:46.086Z"}
{"account":"TomHill - Ayush","level":"info","message":"Already authenticated (reused session)","timestamp":"2026-10-02T06:28:48.519Z"}
{"level":"debug","message":"Set table page length to maximum","timestamp":"2026-10-02T06:28:52.225Z","value":"100"}
{"level":"info","maxRows":100,"message":"Scraped current orders page","rowsFound":0,"timestamp":"2026-10-02T06:28:52.236Z"}
{"accountId":"tomhill_ayush","accountName":"TomHill - Ayush","challenge":false,"level":"error","message":"Account sync failed Refusing to replace account TomHill - Ayush with an empty dataset","stack":"Error: Refusing to replace account TomHill - Ayush with an empty dataset\n    at replaceAccountOrders (file:///C:/Users/Krishna/Downloads/uppromote-sheets-sync-step1/uppromote-sheets-sync-step1/sheets/writer.js:101:11)\n    at runSync (file:///C:/Users/Krishna/Downloads/uppromote-sheets-sync-step1/uppromote-sheets-sync-step1/sync/syncEngine.js:41:35)\n    at async file:///C:/Users/Krishna/Downloads/uppromote-sheets-sync-step1/uppromote-sheets-sync-step1/runner.js:5:18","timestamp":"2026-10-02T06:28:52.236Z"}
{"account":"TomHill - Ayush","level":"debug","message":"Saved Playwright storage state","path":"C:\\Users\\Krishna\\Downloads\\uppromote-sheets-sync-step1\\uppromote-sheets-sync-step1\\playwright-session\\tomhill_ayush.json","timestamp":"2026-10-02T06:28:52.290Z"}
{"account":"TomHill - Ayush","level":"warn","message":"Resetting browser session","timestamp":"2026-10-02T06:28:52.291Z"}
{"accountCount":17,"accounts":[{"accountId":"hypd_dilsher","accountName":"HYPD - Dilsher","challenge":"captcha","message":"Authorized user interaction required: captcha","ok":false},{"accountId":"hypd_aryan","accountName":"HYPD - Aryan","challenge":"captcha","message":"Authorized user interaction required: captcha","ok":false},{"accountId":"hypd_aastha","accountName":"HYPD - Aastha","challenge":"captcha","message":"Authorized user interaction required: captcha","ok":false},{"accountId":"hypd_sayan","accountName":"HYPD - Sayan","challenge":"captcha","message":"Authorized user interaction required: captcha","ok":false},{"accountId":"hypd_ayush","accountName":"HYPD - Ayush","challenge":"captcha","message":"Authorized user interaction required: captcha","ok":false},{"accountId":"hypd_prathmesh","accountName":"HYPD - Prathmesh","challenge":"captcha","message":"Authorized user interaction required: captcha","ok":false},{"accountId":"hypd_team","accountName":"HYPD - Team","challenge":"captcha","message":"Authorized user interaction required: captcha","ok":false},{"accountId":"hypd_reet","accountName":"HYPD - Reet","challenge":"captcha","message":"Authorized user interaction required: captcha","ok":false},{"accountId":"hypd_krishna","accountName":"HYPD - Krishna","challenge":"captcha","message":"Authorized user interaction required: captcha","ok":false},{"accountId":"hypd_sayan_socialnorm","accountName":"HYPD - Sayan (SocialNorm)","challenge":"captcha","message":"Authorized user interaction required: captcha","ok":false},{"accepted":13,"accountId":"tomhill_reet","accountName":"TomHill - Reet","durationSeconds":21,"finalRowCount":847,"keptOtherAccounts":834,"mode":"full","ok":true,"pagesScraped":1,"paginationComplete":true,"received":13,"records":13,"removedOld":13,"stopReason":"single-page-100-row-mode","written":13},{"accountId":"tomhill_aryan","accountName":"TomHill - Aryan","challenge":null,"message":"Refusing to replace account TomHill - Aryan with an empty dataset","ok":false},{"accepted":5,"accountId":"tomhill_krishna","accountName":"TomHill - Krishna","durationSeconds":28,"finalRowCount":847,"keptOtherAccounts":842,"mode":"full","ok":true,"pagesScraped":1,"paginationComplete":true,"received":5,"records":5,"removedOld":5,"stopReason":"single-page-100-row-mode","written":5},{"accountId":"tomhill_team","accountName":"TomHill - Team","challenge":null,"message":"Refusing to replace account TomHill - Team with an empty dataset","ok":false},{"accountId":"tomhill_sayan","accountName":"TomHill - Sayan","challenge":null,"message":"Refusing to replace account TomHill - Sayan with an empty dataset","ok":false},{"accountId":"tomhill_dilsher","accountName":"TomHill - Dilsher","challenge":null,"message":"Refusing to replace account TomHill - Dilsher with an empty dataset","ok":false},{"accountId":"tomhill_ayush","accountName":"TomHill - Ayush","challenge":null,"message":"Refusing to replace account TomHill - Ayush with an empty dataset","ok":false}],"completedAt":"2026-10-02T06:28:52.873Z","durationSeconds":150,"failed":15,"level":"info","message":"Multi-account sync finished","mode":"full","startedAt":"2026-10-02T06:26:22.770Z","succeeded":2,"timestamp":"2026-10-02T06:28:52.873Z"}
{"accountCount":17,"level":"info","message":"Multi-account sync started","mode":"full","startedAt":"2026-10-02T08:48:35.143Z","timestamp":"2026-10-02T08:48:35.146Z"}
{"accountId":"hypd_dilsher","accountName":"HYPD - Dilsher","level":"info","message":"Starting account sync","timestamp":"2026-10-02T08:48:35.148Z"}
{"account":"HYPD - Dilsher","headless":true,"level":"info","message":"Launching Playwright browser","timestamp":"2026-10-02T08:48:35.149Z"}
{"account":"HYPD - Dilsher","level":"info","message":"Browser session ready","reusedStoredSession":true,"timestamp":"2026-10-02T08:48:37.004Z"}
{"level":"info","message":"Login required, submitting authorized credentials","timestamp":"2026-10-02T08:48:41.775Z"}
{"html":"logs/challenge-hypd_dilsher-captcha.html","level":"info","message":"Saved challenge evidence","screenshot":"logs/challenge-hypd_dilsher-captcha.png","timestamp":"2026-10-02T08:48:45.592Z"}
{"accountId":"hypd_dilsher","accountName":"HYPD - Dilsher","challenge":true,"challengeKind":"captcha","level":"error","message":"Account sync failed Authorized user interaction required: captcha","stack":"AuthChallengeError: Authorized user interaction required: captcha\n    at ensureAuthenticated (file:///C:/Users/Krishna/Downloads/uppromote-sheets-sync-step1/uppromote-sheets-sync-step1/scraper/auth.js:146:11)\n    at async runSync (file:///C:/Users/Krishna/Downloads/uppromote-sheets-sync-step1/uppromote-sheets-sync-step1/sync/syncEngine.js:25:20)\n    at async file:///C:/Users/Krishna/Downloads/uppromote-sheets-sync-step1/uppromote-sheets-sync-step1/runner.js:5:18","timestamp":"2026-10-02T08:48:45.593Z"}
{"account":"HYPD - Dilsher","level":"debug","message":"Saved Playwright storage state","path":"C:\\Users\\Krishna\\Downloads\\uppromote-sheets-sync-step1\\uppromote-sheets-sync-step1\\playwright-session\\hypd_dilsher.json","timestamp":"2026-10-02T08:48:45.677Z"}
{"account":"HYPD - Dilsher","level":"warn","message":"Resetting browser session","timestamp":"2026-10-02T08:48:45.677Z"}
{"accountId":"hypd_aryan","accountName":"HYPD - Aryan","level":"info","message":"Starting account sync","timestamp":"2026-10-02T08:48:46.355Z"}
{"account":"HYPD - Aryan","headless":true,"level":"info","message":"Launching Playwright browser","timestamp":"2026-10-02T08:48:46.355Z"}
{"account":"HYPD - Aryan","level":"info","message":"Browser session ready","reusedStoredSession":true,"timestamp":"2026-10-02T08:48:46.581Z"}
{"level":"info","message":"Login required, submitting authorized credentials","timestamp":"2026-10-02T08:48:48.240Z"}
{"html":"logs/challenge-hypd_aryan-captcha.html","level":"info","message":"Saved challenge evidence","screenshot":"logs/challenge-hypd_aryan-captcha.png","timestamp":"2026-10-02T08:48:51.568Z"}
{"accountId":"hypd_aryan","accountName":"HYPD - Aryan","challenge":true,"challengeKind":"captcha","level":"error","message":"Account sync failed Authorized user interaction required: captcha","stack":"AuthChallengeError: Authorized user interaction required: captcha\n    at ensureAuthenticated (file:///C:/Users/Krishna/Downloads/uppromote-sheets-sync-step1/uppromote-sheets-sync-step1/scraper/auth.js:146:11)\n    at async runSync (file:///C:/Users/Krishna/Downloads/uppromote-sheets-sync-step1/uppromote-sheets-sync-step1/sync/syncEngine.js:25:20)\n    at async file:///C:/Users/Krishna/Downloads/uppromote-sheets-sync-step1/uppromote-sheets-sync-step1/runner.js:5:18","timestamp":"2026-10-02T08:48:51.568Z"}
{"account":"HYPD - Aryan","level":"debug","message":"Saved Playwright storage state","path":"C:\\Users\\Krishna\\Downloads\\uppromote-sheets-sync-step1\\uppromote-sheets-sync-step1\\playwright-session\\hypd_aryan.json","timestamp":"2026-10-02T08:48:51.637Z"}
{"account":"HYPD - Aryan","level":"warn","message":"Resetting browser session","timestamp":"2026-10-02T08:48:51.637Z"}
{"accountId":"hypd_aastha","accountName":"HYPD - Aastha","level":"info","message":"Starting account sync","timestamp":"2026-10-02T08:48:52.238Z"}
{"account":"HYPD - Aastha","headless":true,"level":"info","message":"Launching Playwright browser","timestamp":"2026-10-02T08:48:52.239Z"}
{"account":"HYPD - Aastha","level":"info","message":"Browser session ready","reusedStoredSession":true,"timestamp":"2026-10-02T08:48:52.458Z"}
{"level":"info","message":"Login required, submitting authorized credentials","timestamp":"2026-10-02T08:48:54.114Z"}
{"html":"logs/challenge-hypd_aastha-captcha.html","level":"info","message":"Saved challenge evidence","screenshot":"logs/challenge-hypd_aastha-captcha.png","timestamp":"2026-10-02T08:48:56.861Z"}
{"accountId":"hypd_aastha","accountName":"HYPD - Aastha","challenge":true,"challengeKind":"captcha","level":"error","message":"Account sync failed Authorized user interaction required: captcha","stack":"AuthChallengeError: Authorized user interaction required: captcha\n    at ensureAuthenticated (file:///C:/Users/Krishna/Downloads/uppromote-sheets-sync-step1/uppromote-sheets-sync-step1/scraper/auth.js:146:11)\n    at async runSync (file:///C:/Users/Krishna/Downloads/uppromote-sheets-sync-step1/uppromote-sheets-sync-step1/sync/syncEngine.js:25:20)\n    at async file:///C:/Users/Krishna/Downloads/uppromote-sheets-sync-step1/uppromote-sheets-sync-step1/runner.js:5:18","timestamp":"2026-10-02T08:48:56.861Z"}
{"account":"HYPD - Aastha","level":"debug","message":"Saved Playwright storage state","path":"C:\\Users\\Krishna\\Downloads\\uppromote-sheets-sync-step1\\uppromote-sheets-sync-step1\\playwright-session\\hypd_aastha.json","timestamp":"2026-10-02T08:48:56.940Z"}
{"account":"HYPD - Aastha","level":"warn","message":"Resetting browser session","timestamp":"2026-10-02T08:48:56.941Z"}
{"accountId":"hypd_sayan","accountName":"HYPD - Sayan","level":"info","message":"Starting account sync","timestamp":"2026-10-02T08:48:57.606Z"}
{"account":"HYPD - Sayan","headless":true,"level":"info","message":"Launching Playwright browser","timestamp":"2026-10-02T08:48:57.606Z"}
{"account":"HYPD - Sayan","level":"info","message":"Browser session ready","reusedStoredSession":true,"timestamp":"2026-10-02T08:48:57.859Z"}
{"level":"info","message":"Login required, submitting authorized credentials","timestamp":"2026-10-02T08:48:59.631Z"}
{"html":"logs/challenge-hypd_sayan-captcha.html","level":"info","message":"Saved challenge evidence","screenshot":"logs/challenge-hypd_sayan-captcha.png","timestamp":"2026-10-02T08:49:03.118Z"}
{"accountId":"hypd_sayan","accountName":"HYPD - Sayan","challenge":true,"challengeKind":"captcha","level":"error","message":"Account sync failed Authorized user interaction required: captcha","stack":"AuthChallengeError: Authorized user interaction required: captcha\n    at ensureAuthenticated (file:///C:/Users/Krishna/Downloads/uppromote-sheets-sync-step1/uppromote-sheets-sync-step1/scraper/auth.js:146:11)\n    at async runSync (file:///C:/Users/Krishna/Downloads/uppromote-sheets-sync-step1/uppromote-sheets-sync-step1/sync/syncEngine.js:25:20)\n    at async file:///C:/Users/Krishna/Downloads/uppromote-sheets-sync-step1/uppromote-sheets-sync-step1/runner.js:5:18","timestamp":"2026-10-02T08:49:03.118Z"}
{"account":"HYPD - Sayan","level":"debug","message":"Saved Playwright storage state","path":"C:\\Users\\Krishna\\Downloads\\uppromote-sheets-sync-step1\\uppromote-sheets-sync-step1\\playwright-session\\hypd_sayan.json","timestamp":"2026-10-02T08:49:03.199Z"}
{"account":"HYPD - Sayan","level":"warn","message":"Resetting browser session","timestamp":"2026-10-02T08:49:03.200Z"}
{"accountId":"hypd_ayush","accountName":"HYPD - Ayush","level":"info","message":"Starting account sync","timestamp":"2026-10-02T08:49:03.796Z"}
{"account":"HYPD - Ayush","headless":true,"level":"info","message":"Launching Playwright browser","timestamp":"2026-10-02T08:49:03.797Z"}
{"account":"HYPD - Ayush","level":"info","message":"Browser session ready","reusedStoredSession":true,"timestamp":"2026-10-02T08:49:04.008Z"}
{"level":"info","message":"Login required, submitting authorized credentials","timestamp":"2026-10-02T08:49:05.678Z"}
{"html":"logs/challenge-hypd_ayush-captcha.html","level":"info","message":"Saved challenge evidence","screenshot":"logs/challenge-hypd_ayush-captcha.png","timestamp":"2026-10-02T08:49:08.443Z"}
{"accountId":"hypd_ayush","accountName":"HYPD - Ayush","challenge":true,"challengeKind":"captcha","level":"error","message":"Account sync failed Authorized user interaction required: captcha","stack":"AuthChallengeError: Authorized user interaction required: captcha\n    at ensureAuthenticated (file:///C:/Users/Krishna/Downloads/uppromote-sheets-sync-step1/uppromote-sheets-sync-step1/scraper/auth.js:146:11)\n    at async runSync (file:///C:/Users/Krishna/Downloads/uppromote-sheets-sync-step1/uppromote-sheets-sync-step1/sync/syncEngine.js:25:20)\n    at async file:///C:/Users/Krishna/Downloads/uppromote-sheets-sync-step1/uppromote-sheets-sync-step1/runner.js:5:18","timestamp":"2026-10-02T08:49:08.444Z"}
{"account":"HYPD - Ayush","level":"debug","message":"Saved Playwright storage state","path":"C:\\Users\\Krishna\\Downloads\\uppromote-sheets-sync-step1\\uppromote-sheets-sync-step1\\playwright-session\\hypd_ayush.json","timestamp":"2026-10-02T08:49:08.540Z"}
{"account":"HYPD - Ayush","level":"warn","message":"Resetting browser session","timestamp":"2026-10-02T08:49:08.540Z"}
{"accountId":"hypd_prathmesh","accountName":"HYPD - Prathmesh","level":"info","message":"Starting account sync","timestamp":"2026-10-02T08:49:09.191Z"}
{"account":"HYPD - Prathmesh","headless":true,"level":"info","message":"Launching Playwright browser","timestamp":"2026-10-02T08:49:09.192Z"}
{"account":"HYPD - Prathmesh","level":"info","message":"Browser session ready","reusedStoredSession":true,"timestamp":"2026-10-02T08:49:09.469Z"}
{"level":"info","message":"Login required, submitting authorized credentials","timestamp":"2026-10-02T08:49:11.101Z"}
{"html":"logs/challenge-hypd_prathmesh-captcha.html","level":"info","message":"Saved challenge evidence","screenshot":"logs/challenge-hypd_prathmesh-captcha.png","timestamp":"2026-10-02T08:49:13.817Z"}
{"accountId":"hypd_prathmesh","accountName":"HYPD - Prathmesh","challenge":true,"challengeKind":"captcha","level":"error","message":"Account sync failed Authorized user interaction required: captcha","stack":"AuthChallengeError: Authorized user interaction required: captcha\n    at ensureAuthenticated (file:///C:/Users/Krishna/Downloads/uppromote-sheets-sync-step1/uppromote-sheets-sync-step1/scraper/auth.js:146:11)\n    at async runSync (file:///C:/Users/Krishna/Downloads/uppromote-sheets-sync-step1/uppromote-sheets-sync-step1/sync/syncEngine.js:25:20)\n    at async file:///C:/Users/Krishna/Downloads/uppromote-sheets-sync-step1/uppromote-sheets-sync-step1/runner.js:5:18","timestamp":"2026-10-02T08:49:13.817Z"}
{"account":"HYPD - Prathmesh","level":"debug","message":"Saved Playwright storage state","path":"C:\\Users\\Krishna\\Downloads\\uppromote-sheets-sync-step1\\uppromote-sheets-sync-step1\\playwright-session\\hypd_prathmesh.json","timestamp":"2026-10-02T08:49:13.897Z"}
{"account":"HYPD - Prathmesh","level":"warn","message":"Resetting browser session","timestamp":"2026-10-02T08:49:13.898Z"}
{"accountId":"hypd_team","accountName":"HYPD - Team","level":"info","message":"Starting account sync","timestamp":"2026-10-02T08:49:14.543Z"}
{"account":"HYPD - Team","headless":true,"level":"info","message":"Launching Playwright browser","timestamp":"2026-10-02T08:49:14.543Z"}
{"account":"HYPD - Team","level":"info","message":"Browser session ready","reusedStoredSession":true,"timestamp":"2026-10-02T08:49:14.749Z"}
{"level":"info","message":"Login required, submitting authorized credentials","timestamp":"2026-10-02T08:49:16.907Z"}
{"html":"logs/challenge-hypd_team-captcha.html","level":"info","message":"Saved challenge evidence","screenshot":"logs/challenge-hypd_team-captcha.png","timestamp":"2026-10-02T08:49:19.967Z"}
{"accountId":"hypd_team","accountName":"HYPD - Team","challenge":true,"challengeKind":"captcha","level":"error","message":"Account sync failed Authorized user interaction required: captcha","stack":"AuthChallengeError: Authorized user interaction required: captcha\n    at ensureAuthenticated (file:///C:/Users/Krishna/Downloads/uppromote-sheets-sync-step1/uppromote-sheets-sync-step1/scraper/auth.js:146:11)\n    at async runSync (file:///C:/Users/Krishna/Downloads/uppromote-sheets-sync-step1/uppromote-sheets-sync-step1/sync/syncEngine.js:25:20)\n    at async file:///C:/Users/Krishna/Downloads/uppromote-sheets-sync-step1/uppromote-sheets-sync-step1/runner.js:5:18","timestamp":"2026-10-02T08:49:19.968Z"}
{"account":"HYPD - Team","level":"debug","message":"Saved Playwright storage state","path":"C:\\Users\\Krishna\\Downloads\\uppromote-sheets-sync-step1\\uppromote-sheets-sync-step1\\playwright-session\\hypd_team.json","timestamp":"2026-10-02T08:49:20.056Z"}
{"account":"HYPD - Team","level":"warn","message":"Resetting browser session","timestamp":"2026-10-02T08:49:20.056Z"}
{"accountId":"hypd_reet","accountName":"HYPD - Reet","level":"info","message":"Starting account sync","timestamp":"2026-10-02T08:49:20.655Z"}
{"account":"HYPD - Reet","headless":true,"level":"info","message":"Launching Playwright browser","timestamp":"2026-10-02T08:49:20.656Z"}
{"account":"HYPD - Reet","level":"info","message":"Browser session ready","reusedStoredSession":true,"timestamp":"2026-10-02T08:49:20.914Z"}
{"level":"info","message":"Login required, submitting authorized credentials","timestamp":"2026-10-02T08:49:22.521Z"}
{"html":"logs/challenge-hypd_reet-captcha.html","level":"info","message":"Saved challenge evidence","screenshot":"logs/challenge-hypd_reet-captcha.png","timestamp":"2026-10-02T08:49:26.349Z"}
{"accountId":"hypd_reet","accountName":"HYPD - Reet","challenge":true,"challengeKind":"captcha","level":"error","message":"Account sync failed Authorized user interaction required: captcha","stack":"AuthChallengeError: Authorized user interaction required: captcha\n    at ensureAuthenticated (file:///C:/Users/Krishna/Downloads/uppromote-sheets-sync-step1/uppromote-sheets-sync-step1/scraper/auth.js:146:11)\n    at async runSync (file:///C:/Users/Krishna/Downloads/uppromote-sheets-sync-step1/uppromote-sheets-sync-step1/sync/syncEngine.js:25:20)\n    at async file:///C:/Users/Krishna/Downloads/uppromote-sheets-sync-step1/uppromote-sheets-sync-step1/runner.js:5:18","timestamp":"2026-10-02T08:49:26.350Z"}
{"account":"HYPD - Reet","level":"debug","message":"Saved Playwright storage state","path":"C:\\Users\\Krishna\\Downloads\\uppromote-sheets-sync-step1\\uppromote-sheets-sync-step1\\playwright-session\\hypd_reet.json","timestamp":"2026-10-02T08:49:26.423Z"}
{"account":"HYPD - Reet","level":"warn","message":"Resetting browser session","timestamp":"2026-10-02T08:49:26.423Z"}
{"accountId":"hypd_krishna","accountName":"HYPD - Krishna","level":"info","message":"Starting account sync","timestamp":"2026-10-02T08:49:27.010Z"}
{"account":"HYPD - Krishna","headless":true,"level":"info","message":"Launching Playwright browser","timestamp":"2026-10-02T08:49:27.010Z"}
{"account":"HYPD - Krishna","level":"info","message":"Browser session ready","reusedStoredSession":true,"timestamp":"2026-10-02T08:49:27.237Z"}
{"level":"info","message":"Login required, submitting authorized credentials","timestamp":"2026-10-02T08:49:29.049Z"}
{"html":"logs/challenge-hypd_krishna-captcha.html","level":"info","message":"Saved challenge evidence","screenshot":"logs/challenge-hypd_krishna-captcha.png","timestamp":"2026-10-02T08:49:32.776Z"}
{"accountId":"hypd_krishna","accountName":"HYPD - Krishna","challenge":true,"challengeKind":"captcha","level":"error","message":"Account sync failed Authorized user interaction required: captcha","stack":"AuthChallengeError: Authorized user interaction required: captcha\n    at ensureAuthenticated (file:///C:/Users/Krishna/Downloads/uppromote-sheets-sync-step1/uppromote-sheets-sync-step1/scraper/auth.js:146:11)\n    at async runSync (file:///C:/Users/Krishna/Downloads/uppromote-sheets-sync-step1/uppromote-sheets-sync-step1/sync/syncEngine.js:25:20)\n    at async file:///C:/Users/Krishna/Downloads/uppromote-sheets-sync-step1/uppromote-sheets-sync-step1/runner.js:5:18","timestamp":"2026-10-02T08:49:32.777Z"}
{"account":"HYPD - Krishna","level":"debug","message":"Saved Playwright storage state","path":"C:\\Users\\Krishna\\Downloads\\uppromote-sheets-sync-step1\\uppromote-sheets-sync-step1\\playwright-session\\hypd_krishna.json","timestamp":"2026-10-02T08:49:32.845Z"}
{"account":"HYPD - Krishna","level":"warn","message":"Resetting browser session","timestamp":"2026-10-02T08:49:32.845Z"}
{"accountId":"hypd_sayan_socialnorm","accountName":"HYPD - Sayan (SocialNorm)","level":"info","message":"Starting account sync","timestamp":"2026-10-02T08:49:33.443Z"}
{"account":"HYPD - Sayan (SocialNorm)","headless":true,"level":"info","message":"Launching Playwright browser","timestamp":"2026-10-02T08:49:33.444Z"}
{"account":"HYPD - Sayan (SocialNorm)","level":"info","message":"Browser session ready","reusedStoredSession":true,"timestamp":"2026-10-02T08:49:33.668Z"}
{"level":"info","message":"Login required, submitting authorized credentials","timestamp":"2026-10-02T08:49:35.330Z"}
{"html":"logs/challenge-hypd_sayan_socialnorm-captcha.html","level":"info","message":"Saved challenge evidence","screenshot":"logs/challenge-hypd_sayan_socialnorm-captcha.png","timestamp":"2026-10-02T08:49:38.604Z"}
{"accountId":"hypd_sayan_socialnorm","accountName":"HYPD - Sayan (SocialNorm)","challenge":true,"challengeKind":"captcha","level":"error","message":"Account sync failed Authorized user interaction required: captcha","stack":"AuthChallengeError: Authorized user interaction required: captcha\n    at ensureAuthenticated (file:///C:/Users/Krishna/Downloads/uppromote-sheets-sync-step1/uppromote-sheets-sync-step1/scraper/auth.js:146:11)\n    at async runSync (file:///C:/Users/Krishna/Downloads/uppromote-sheets-sync-step1/uppromote-sheets-sync-step1/sync/syncEngine.js:25:20)\n    at async file:///C:/Users/Krishna/Downloads/uppromote-sheets-sync-step1/uppromote-sheets-sync-step1/runner.js:5:18","timestamp":"2026-10-02T08:49:38.605Z"}
{"account":"HYPD - Sayan (SocialNorm)","level":"debug","message":"Saved Playwright storage state","path":"C:\\Users\\Krishna\\Downloads\\uppromote-sheets-sync-step1\\uppromote-sheets-sync-step1\\playwright-session\\hypd_sayan_socialnorm.json","timestamp":"2026-10-02T08:49:38.684Z"}
{"account":"HYPD - Sayan (SocialNorm)","level":"warn","message":"Resetting browser session","timestamp":"2026-10-02T08:49:38.684Z"}
{"accountId":"tomhill_reet","accountName":"TomHill - Reet","level":"info","message":"Starting account sync","timestamp":"2026-10-02T08:49:39.271Z"}
{"account":"TomHill - Reet","headless":true,"level":"info","message":"Launching Playwright browser","timestamp":"2026-10-02T08:49:39.271Z"}
{"account":"TomHill - Reet","level":"info","message":"Browser session ready","reusedStoredSession":true,"timestamp":"2026-10-02T08:49:39.534Z"}
{"level":"info","message":"Login required, submitting authorized credentials","timestamp":"2026-10-02T08:49:41.226Z"}
{"html":"logs/challenge-tomhill_reet-captcha.html","level":"info","message":"Saved challenge evidence","screenshot":"logs/challenge-tomhill_reet-captcha.png","timestamp":"2026-10-02T08:49:45.033Z"}
{"accountId":"tomhill_reet","accountName":"TomHill - Reet","challenge":true,"challengeKind":"captcha","level":"error","message":"Account sync failed Authorized user interaction required: captcha","stack":"AuthChallengeError: Authorized user interaction required: captcha\n    at ensureAuthenticated (file:///C:/Users/Krishna/Downloads/uppromote-sheets-sync-step1/uppromote-sheets-sync-step1/scraper/auth.js:146:11)\n    at async runSync (file:///C:/Users/Krishna/Downloads/uppromote-sheets-sync-step1/uppromote-sheets-sync-step1/sync/syncEngine.js:25:20)\n    at async file:///C:/Users/Krishna/Downloads/uppromote-sheets-sync-step1/uppromote-sheets-sync-step1/runner.js:5:18","timestamp":"2026-10-02T08:49:45.033Z"}
{"account":"TomHill - Reet","level":"debug","message":"Saved Playwright storage state","path":"C:\\Users\\Krishna\\Downloads\\uppromote-sheets-sync-step1\\uppromote-sheets-sync-step1\\playwright-session\\tomhill_reet.json","timestamp":"2026-10-02T08:49:45.116Z"}
{"account":"TomHill - Reet","level":"warn","message":"Resetting browser session","timestamp":"2026-10-02T08:49:45.117Z"}
{"accountId":"tomhill_aryan","accountName":"TomHill - Aryan","level":"info","message":"Starting account sync","timestamp":"2026-10-02T08:49:45.721Z"}
{"account":"TomHill - Aryan","headless":true,"level":"info","message":"Launching Playwright browser","timestamp":"2026-10-02T08:49:45.721Z"}
{"account":"TomHill - Aryan","level":"info","message":"Browser session ready","reusedStoredSession":true,"timestamp":"2026-10-02T08:49:46.025Z"}
{"level":"info","message":"Login required, submitting authorized credentials","timestamp":"2026-10-02T08:49:47.946Z"}
{"html":"logs/challenge-tomhill_aryan-captcha.html","level":"info","message":"Saved challenge evidence","screenshot":"logs/challenge-tomhill_aryan-captcha.png","timestamp":"2026-10-02T08:49:51.546Z"}
{"accountId":"tomhill_aryan","accountName":"TomHill - Aryan","challenge":true,"challengeKind":"captcha","level":"error","message":"Account sync failed Authorized user interaction required: captcha","stack":"AuthChallengeError: Authorized user interaction required: captcha\n    at ensureAuthenticated (file:///C:/Users/Krishna/Downloads/uppromote-sheets-sync-step1/uppromote-sheets-sync-step1/scraper/auth.js:146:11)\n    at async runSync (file:///C:/Users/Krishna/Downloads/uppromote-sheets-sync-step1/uppromote-sheets-sync-step1/sync/syncEngine.js:25:20)\n    at async file:///C:/Users/Krishna/Downloads/uppromote-sheets-sync-step1/uppromote-sheets-sync-step1/runner.js:5:18","timestamp":"2026-10-02T08:49:51.546Z"}
{"account":"TomHill - Aryan","level":"debug","message":"Saved Playwright storage state","path":"C:\\Users\\Krishna\\Downloads\\uppromote-sheets-sync-step1\\uppromote-sheets-sync-step1\\playwright-session\\tomhill_aryan.json","timestamp":"2026-10-02T08:49:51.638Z"}
{"account":"TomHill - Aryan","level":"warn","message":"Resetting browser session","timestamp":"2026-10-02T08:49:51.638Z"}
{"accountId":"tomhill_krishna","accountName":"TomHill - Krishna","level":"info","message":"Starting account sync","timestamp":"2026-10-02T08:49:52.253Z"}
{"account":"TomHill - Krishna","headless":true,"level":"info","message":"Launching Playwright browser","timestamp":"2026-10-02T08:49:52.253Z"}
{"account":"TomHill - Krishna","level":"info","message":"Browser session ready","reusedStoredSession":true,"timestamp":"2026-10-02T08:49:52.533Z"}
{"level":"info","message":"Login required, submitting authorized credentials","timestamp":"2026-10-02T08:49:54.349Z"}
{"html":"logs/challenge-tomhill_krishna-captcha.html","level":"info","message":"Saved challenge evidence","screenshot":"logs/challenge-tomhill_krishna-captcha.png","timestamp":"2026-10-02T08:49:56.903Z"}
{"accountId":"tomhill_krishna","accountName":"TomHill - Krishna","challenge":true,"challengeKind":"captcha","level":"error","message":"Account sync failed Authorized user interaction required: captcha","stack":"AuthChallengeError: Authorized user interaction required: captcha\n    at ensureAuthenticated (file:///C:/Users/Krishna/Downloads/uppromote-sheets-sync-step1/uppromote-sheets-sync-step1/scraper/auth.js:146:11)\n    at async runSync (file:///C:/Users/Krishna/Downloads/uppromote-sheets-sync-step1/uppromote-sheets-sync-step1/sync/syncEngine.js:25:20)\n    at async file:///C:/Users/Krishna/Downloads/uppromote-sheets-sync-step1/uppromote-sheets-sync-step1/runner.js:5:18","timestamp":"2026-10-02T08:49:56.904Z"}
{"account":"TomHill - Krishna","level":"debug","message":"Saved Playwright storage state","path":"C:\\Users\\Krishna\\Downloads\\uppromote-sheets-sync-step1\\uppromote-sheets-sync-step1\\playwright-session\\tomhill_krishna.json","timestamp":"2026-10-02T08:49:56.973Z"}
{"account":"TomHill - Krishna","level":"warn","message":"Resetting browser session","timestamp":"2026-10-02T08:49:56.974Z"}
{"accountId":"tomhill_team","accountName":"TomHill - Team","level":"info","message":"Starting account sync","timestamp":"2026-10-02T08:49:57.630Z"}
{"account":"TomHill - Team","headless":true,"level":"info","message":"Launching Playwright browser","timestamp":"2026-10-02T08:49:57.631Z"}
{"account":"TomHill - Team","level":"info","message":"Browser session ready","reusedStoredSession":true,"timestamp":"2026-10-02T08:49:57.971Z"}
{"html":"logs/challenge-tomhill_team-captcha.html","level":"info","message":"Saved challenge evidence","screenshot":"logs/challenge-tomhill_team-captcha.png","timestamp":"2026-10-02T08:50:00.368Z"}
{"accountId":"tomhill_team","accountName":"TomHill - Team","challenge":true,"challengeKind":"captcha","level":"error","message":"Account sync failed Authorized user interaction required: captcha","stack":"AuthChallengeError: Authorized user interaction required: captcha\n    at ensureAuthenticated (file:///C:/Users/Krishna/Downloads/uppromote-sheets-sync-step1/uppromote-sheets-sync-step1/scraper/auth.js:107:11)\n    at async runSync (file:///C:/Users/Krishna/Downloads/uppromote-sheets-sync-step1/uppromote-sheets-sync-step1/sync/syncEngine.js:25:20)\n    at async file:///C:/Users/Krishna/Downloads/uppromote-sheets-sync-step1/uppromote-sheets-sync-step1/runner.js:5:18","timestamp":"2026-10-02T08:50:00.368Z"}
{"account":"TomHill - Team","level":"debug","message":"Saved Playwright storage state","path":"C:\\Users\\Krishna\\Downloads\\uppromote-sheets-sync-step1\\uppromote-sheets-sync-step1\\playwright-session\\tomhill_team.json","timestamp":"2026-10-02T08:50:00.455Z"}
{"account":"TomHill - Team","level":"warn","message":"Resetting browser session","timestamp":"2026-10-02T08:50:00.456Z"}
{"accountId":"tomhill_sayan","accountName":"TomHill - Sayan","level":"info","message":"Starting account sync","timestamp":"2026-10-02T08:50:01.035Z"}
{"account":"TomHill - Sayan","headless":true,"level":"info","message":"Launching Playwright browser","timestamp":"2026-10-02T08:50:01.035Z"}
{"account":"TomHill - Sayan","level":"info","message":"Browser session ready","reusedStoredSession":true,"timestamp":"2026-10-02T08:50:01.310Z"}
{"level":"info","message":"Login required, submitting authorized credentials","timestamp":"2026-10-02T08:50:03.128Z"}
{"html":"logs/challenge-tomhill_sayan-captcha.html","level":"info","message":"Saved challenge evidence","screenshot":"logs/challenge-tomhill_sayan-captcha.png","timestamp":"2026-10-02T08:50:05.935Z"}
{"accountId":"tomhill_sayan","accountName":"TomHill - Sayan","challenge":true,"challengeKind":"captcha","level":"error","message":"Account sync failed Authorized user interaction required: captcha","stack":"AuthChallengeError: Authorized user interaction required: captcha\n    at ensureAuthenticated (file:///C:/Users/Krishna/Downloads/uppromote-sheets-sync-step1/uppromote-sheets-sync-step1/scraper/auth.js:146:11)\n    at async runSync (file:///C:/Users/Krishna/Downloads/uppromote-sheets-sync-step1/uppromote-sheets-sync-step1/sync/syncEngine.js:25:20)\n    at async file:///C:/Users/Krishna/Downloads/uppromote-sheets-sync-step1/uppromote-sheets-sync-step1/runner.js:5:18","timestamp":"2026-10-02T08:50:05.936Z"}
{"account":"TomHill - Sayan","level":"debug","message":"Saved Playwright storage state","path":"C:\\Users\\Krishna\\Downloads\\uppromote-sheets-sync-step1\\uppromote-sheets-sync-step1\\playwright-session\\tomhill_sayan.json","timestamp":"2026-10-02T08:50:06.031Z"}
{"account":"TomHill - Sayan","level":"warn","message":"Resetting browser session","timestamp":"2026-10-02T08:50:06.032Z"}
{"accountId":"tomhill_dilsher","accountName":"TomHill - Dilsher","level":"info","message":"Starting account sync","timestamp":"2026-10-02T08:50:06.652Z"}
{"account":"TomHill - Dilsher","headless":true,"level":"info","message":"Launching Playwright browser","timestamp":"2026-10-02T08:50:06.652Z"}
{"account":"TomHill - Dilsher","level":"info","message":"Browser session ready","reusedStoredSession":true,"timestamp":"2026-10-02T08:50:06.927Z"}
{"level":"info","message":"Login required, submitting authorized credentials","timestamp":"2026-10-02T08:50:08.862Z"}
{"html":"logs/challenge-tomhill_dilsher-captcha.html","level":"info","message":"Saved challenge evidence","screenshot":"logs/challenge-tomhill_dilsher-captcha.png","timestamp":"2026-10-02T08:50:13.038Z"}
{"accountId":"tomhill_dilsher","accountName":"TomHill - Dilsher","challenge":true,"challengeKind":"captcha","level":"error","message":"Account sync failed Authorized user interaction required: captcha","stack":"AuthChallengeError: Authorized user interaction required: captcha\n    at ensureAuthenticated (file:///C:/Users/Krishna/Downloads/uppromote-sheets-sync-step1/uppromote-sheets-sync-step1/scraper/auth.js:146:11)\n    at async runSync (file:///C:/Users/Krishna/Downloads/uppromote-sheets-sync-step1/uppromote-sheets-sync-step1/sync/syncEngine.js:25:20)\n    at async file:///C:/Users/Krishna/Downloads/uppromote-sheets-sync-step1/uppromote-sheets-sync-step1/runner.js:5:18","timestamp":"2026-10-02T08:50:13.039Z"}
{"account":"TomHill - Dilsher","level":"debug","message":"Saved Playwright storage state","path":"C:\\Users\\Krishna\\Downloads\\uppromote-sheets-sync-step1\\uppromote-sheets-sync-step1\\playwright-session\\tomhill_dilsher.json","timestamp":"2026-10-02T08:50:13.123Z"}
{"account":"TomHill - Dilsher","level":"warn","message":"Resetting browser session","timestamp":"2026-10-02T08:50:13.124Z"}
{"accountId":"tomhill_ayush","accountName":"TomHill - Ayush","level":"info","message":"Starting account sync","timestamp":"2026-10-02T08:50:13.721Z"}
{"account":"TomHill - Ayush","headless":true,"level":"info","message":"Launching Playwright browser","timestamp":"2026-10-02T08:50:13.721Z"}
{"account":"TomHill - Ayush","level":"info","message":"Browser session ready","reusedStoredSession":true,"timestamp":"2026-10-02T08:50:14.029Z"}
{"html":"logs/challenge-tomhill_ayush-captcha.html","level":"info","message":"Saved challenge evidence","screenshot":"logs/challenge-tomhill_ayush-captcha.png","timestamp":"2026-10-02T08:50:16.258Z"}
{"accountId":"tomhill_ayush","accountName":"TomHill - Ayush","challenge":true,"challengeKind":"captcha","level":"error","message":"Account sync failed Authorized user interaction required: captcha","stack":"AuthChallengeError: Authorized user interaction required: captcha\n    at ensureAuthenticated (file:///C:/Users/Krishna/Downloads/uppromote-sheets-sync-step1/uppromote-sheets-sync-step1/scraper/auth.js:107:11)\n    at async runSync (file:///C:/Users/Krishna/Downloads/uppromote-sheets-sync-step1/uppromote-sheets-sync-step1/sync/syncEngine.js:25:20)\n    at async file:///C:/Users/Krishna/Downloads/uppromote-sheets-sync-step1/uppromote-sheets-sync-step1/runner.js:5:18","timestamp":"2026-10-02T08:50:16.258Z"}
{"account":"TomHill - Ayush","level":"debug","message":"Saved Playwright storage state","path":"C:\\Users\\Krishna\\Downloads\\uppromote-sheets-sync-step1\\uppromote-sheets-sync-step1\\playwright-session\\tomhill_ayush.json","timestamp":"2026-10-02T08:50:16.341Z"}
{"account":"TomHill - Ayush","level":"warn","message":"Resetting browser session","timestamp":"2026-10-02T08:50:16.341Z"}
{"accountCount":17,"accounts":[{"accountId":"hypd_dilsher","accountName":"HYPD - Dilsher","challenge":"captcha","message":"Authorized user interaction required: captcha","ok":false},{"accountId":"hypd_aryan","accountName":"HYPD - Aryan","challenge":"captcha","message":"Authorized user interaction required: captcha","ok":false},{"accountId":"hypd_aastha","accountName":"HYPD - Aastha","challenge":"captcha","message":"Authorized user interaction required: captcha","ok":false},{"accountId":"hypd_sayan","accountName":"HYPD - Sayan","challenge":"captcha","message":"Authorized user interaction required: captcha","ok":false},{"accountId":"hypd_ayush","accountName":"HYPD - Ayush","challenge":"captcha","message":"Authorized user interaction required: captcha","ok":false},{"accountId":"hypd_prathmesh","accountName":"HYPD - Prathmesh","challenge":"captcha","message":"Authorized user interaction required: captcha","ok":false},{"accountId":"hypd_team","accountName":"HYPD - Team","challenge":"captcha","message":"Authorized user interaction required: captcha","ok":false},{"accountId":"hypd_reet","accountName":"HYPD - Reet","challenge":"captcha","message":"Authorized user interaction required: captcha","ok":false},{"accountId":"hypd_krishna","accountName":"HYPD - Krishna","challenge":"captcha","message":"Authorized user interaction required: captcha","ok":false},{"accountId":"hypd_sayan_socialnorm","accountName":"HYPD - Sayan (SocialNorm)","challenge":"captcha","message":"Authorized user interaction required: captcha","ok":false},{"accountId":"tomhill_reet","accountName":"TomHill - Reet","challenge":"captcha","message":"Authorized user interaction required: captcha","ok":false},{"accountId":"tomhill_aryan","accountName":"TomHill - Aryan","challenge":"captcha","message":"Authorized user interaction required: captcha","ok":false},{"accountId":"tomhill_krishna","accountName":"TomHill - Krishna","challenge":"captcha","message":"Authorized user interaction required: captcha","ok":false},{"accountId":"tomhill_team","accountName":"TomHill - Team","challenge":"captcha","message":"Authorized user interaction required: captcha","ok":false},{"accountId":"tomhill_sayan","accountName":"TomHill - Sayan","challenge":"captcha","message":"Authorized user interaction required: captcha","ok":false},{"accountId":"tomhill_dilsher","accountName":"TomHill - Dilsher","challenge":"captcha","message":"Authorized user interaction required: captcha","ok":false},{"accountId":"tomhill_ayush","accountName":"TomHill - Ayush","challenge":"captcha","message":"Authorized user interaction required: captcha","ok":false}],"completedAt":"2026-10-02T08:50:16.922Z","durationSeconds":102,"failed":17,"level":"info","message":"Multi-account sync finished","mode":"full","startedAt":"2026-10-02T08:48:35.143Z","succeeded":0,"timestamp":"2026-10-02T08:50:16.922Z"}
{"accountCount":17,"level":"info","message":"Multi-account sync started","mode":"full","startedAt":"2026-10-02T08:52:06.167Z","timestamp":"2026-10-02T08:52:06.169Z"}
{"accountId":"hypd_dilsher","accountName":"HYPD - Dilsher","level":"info","message":"Starting account sync","timestamp":"2026-10-02T08:52:06.171Z"}
{"account":"HYPD - Dilsher","headless":true,"level":"info","message":"Launching Playwright browser","timestamp":"2026-10-02T08:52:06.171Z"}
{"account":"HYPD - Dilsher","level":"info","message":"Browser session ready","reusedStoredSession":true,"timestamp":"2026-10-02T08:52:06.421Z"}
{"level":"info","message":"Login required, submitting authorized credentials","timestamp":"2026-10-02T08:52:08.173Z"}
{"html":"logs/challenge-hypd_dilsher-captcha.html","level":"info","message":"Saved challenge evidence","screenshot":"logs/challenge-hypd_dilsher-captcha.png","timestamp":"2026-10-02T08:52:11.373Z"}
{"accountId":"hypd_dilsher","accountName":"HYPD - Dilsher","challenge":true,"challengeKind":"captcha","level":"error","message":"Account sync failed Authorized user interaction required: captcha","stack":"AuthChallengeError: Authorized user interaction required: captcha\n    at ensureAuthenticated (file:///C:/Users/Krishna/Downloads/uppromote-sheets-sync-step1/uppromote-sheets-sync-step1/scraper/auth.js:146:11)\n    at async runSync (file:///C:/Users/Krishna/Downloads/uppromote-sheets-sync-step1/uppromote-sheets-sync-step1/sync/syncEngine.js:25:20)\n    at async file:///C:/Users/Krishna/Downloads/uppromote-sheets-sync-step1/uppromote-sheets-sync-step1/runner.js:5:18","timestamp":"2026-10-02T08:52:11.375Z"}
{"account":"HYPD - Dilsher","level":"debug","message":"Saved Playwright storage state","path":"C:\\Users\\Krishna\\Downloads\\uppromote-sheets-sync-step1\\uppromote-sheets-sync-step1\\playwright-session\\hypd_dilsher.json","timestamp":"2026-10-02T08:52:11.457Z"}
{"account":"HYPD - Dilsher","level":"warn","message":"Resetting browser session","timestamp":"2026-10-02T08:52:11.458Z"}
{"accountId":"hypd_aryan","accountName":"HYPD - Aryan","level":"info","message":"Starting account sync","timestamp":"2026-10-02T08:52:12.040Z"}
{"account":"HYPD - Aryan","headless":true,"level":"info","message":"Launching Playwright browser","timestamp":"2026-10-02T08:52:12.041Z"}
{"account":"HYPD - Aryan","level":"info","message":"Browser session ready","reusedStoredSession":true,"timestamp":"2026-10-02T08:52:12.288Z"}
{"level":"info","message":"Login required, submitting authorized credentials","timestamp":"2026-10-02T08:52:14.255Z"}
{"html":"logs/challenge-hypd_aryan-captcha.html","level":"info","message":"Saved challenge evidence","screenshot":"logs/challenge-hypd_aryan-captcha.png","timestamp":"2026-10-02T08:52:17.736Z"}
{"accountId":"hypd_aryan","accountName":"HYPD - Aryan","challenge":true,"challengeKind":"captcha","level":"error","message":"Account sync failed Authorized user interaction required: captcha","stack":"AuthChallengeError: Authorized user interaction required: captcha\n    at ensureAuthenticated (file:///C:/Users/Krishna/Downloads/uppromote-sheets-sync-step1/uppromote-sheets-sync-step1/scraper/auth.js:146:11)\n    at async runSync (file:///C:/Users/Krishna/Downloads/uppromote-sheets-sync-step1/uppromote-sheets-sync-step1/sync/syncEngine.js:25:20)\n    at async file:///C:/Users/Krishna/Downloads/uppromote-sheets-sync-step1/uppromote-sheets-sync-step1/runner.js:5:18","timestamp":"2026-10-02T08:52:17.736Z"}
{"account":"HYPD - Aryan","level":"debug","message":"Saved Playwright storage state","path":"C:\\Users\\Krishna\\Downloads\\uppromote-sheets-sync-step1\\uppromote-sheets-sync-step1\\playwright-session\\hypd_aryan.json","timestamp":"2026-10-02T08:52:17.813Z"}
{"account":"HYPD - Aryan","level":"warn","message":"Resetting browser session","timestamp":"2026-10-02T08:52:17.813Z"}
{"accountId":"hypd_aastha","accountName":"HYPD - Aastha","level":"info","message":"Starting account sync","timestamp":"2026-10-02T08:52:18.407Z"}
{"account":"HYPD - Aastha","headless":true,"level":"info","message":"Launching Playwright browser","timestamp":"2026-10-02T08:52:18.407Z"}
{"account":"HYPD - Aastha","level":"info","message":"Browser session ready","reusedStoredSession":true,"timestamp":"2026-10-02T08:52:18.632Z"}
{"level":"info","message":"Login required, submitting authorized credentials","timestamp":"2026-10-02T08:52:20.488Z"}
{"html":"logs/challenge-hypd_aastha-captcha.html","level":"info","message":"Saved challenge evidence","screenshot":"logs/challenge-hypd_aastha-captcha.png","timestamp":"2026-10-02T08:52:23.783Z"}
{"accountId":"hypd_aastha","accountName":"HYPD - Aastha","challenge":true,"challengeKind":"captcha","level":"error","message":"Account sync failed Authorized user interaction required: captcha","stack":"AuthChallengeError: Authorized user interaction required: captcha\n    at ensureAuthenticated (file:///C:/Users/Krishna/Downloads/uppromote-sheets-sync-step1/uppromote-sheets-sync-step1/scraper/auth.js:146:11)\n    at async runSync (file:///C:/Users/Krishna/Downloads/uppromote-sheets-sync-step1/uppromote-sheets-sync-step1/sync/syncEngine.js:25:20)\n    at async file:///C:/Users/Krishna/Downloads/uppromote-sheets-sync-step1/uppromote-sheets-sync-step1/runner.js:5:18","timestamp":"2026-10-02T08:52:23.783Z"}
{"account":"HYPD - Aastha","level":"debug","message":"Saved Playwright storage state","path":"C:\\Users\\Krishna\\Downloads\\uppromote-sheets-sync-step1\\uppromote-sheets-sync-step1\\playwright-session\\hypd_aastha.json","timestamp":"2026-10-02T08:52:23.856Z"}
{"account":"HYPD - Aastha","level":"warn","message":"Resetting browser session","timestamp":"2026-10-02T08:52:23.857Z"}
{"accountId":"hypd_sayan","accountName":"HYPD - Sayan","level":"info","message":"Starting account sync","timestamp":"2026-10-02T08:52:24.439Z"}
{"account":"HYPD - Sayan","headless":true,"level":"info","message":"Launching Playwright browser","timestamp":"2026-10-02T08:52:24.440Z"}
{"account":"HYPD - Sayan","level":"info","message":"Browser session ready","reusedStoredSession":true,"timestamp":"2026-10-02T08:52:24.657Z"}
{"level":"info","message":"Login required, submitting authorized credentials","timestamp":"2026-10-02T08:52:26.408Z"}
{"html":"logs/challenge-hypd_sayan-captcha.html","level":"info","message":"Saved challenge evidence","screenshot":"logs/challenge-hypd_sayan-captcha.png","timestamp":"2026-10-02T08:52:29.791Z"}
{"accountId":"hypd_sayan","accountName":"HYPD - Sayan","challenge":true,"challengeKind":"captcha","level":"error","message":"Account sync failed Authorized user interaction required: captcha","stack":"AuthChallengeError: Authorized user interaction required: captcha\n    at ensureAuthenticated (file:///C:/Users/Krishna/Downloads/uppromote-sheets-sync-step1/uppromote-sheets-sync-step1/scraper/auth.js:146:11)\n    at async runSync (file:///C:/Users/Krishna/Downloads/uppromote-sheets-sync-step1/uppromote-sheets-sync-step1/sync/syncEngine.js:25:20)\n    at async file:///C:/Users/Krishna/Downloads/uppromote-sheets-sync-step1/uppromote-sheets-sync-step1/runner.js:5:18","timestamp":"2026-10-02T08:52:29.792Z"}
{"account":"HYPD - Sayan","level":"debug","message":"Saved Playwright storage state","path":"C:\\Users\\Krishna\\Downloads\\uppromote-sheets-sync-step1\\uppromote-sheets-sync-step1\\playwright-session\\hypd_sayan.json","timestamp":"2026-10-02T08:52:29.887Z"}
{"account":"HYPD - Sayan","level":"warn","message":"Resetting browser session","timestamp":"2026-10-02T08:52:29.887Z"}
{"accountId":"hypd_ayush","accountName":"HYPD - Ayush","level":"info","message":"Starting account sync","timestamp":"2026-10-02T08:52:30.503Z"}
{"account":"HYPD - Ayush","headless":true,"level":"info","message":"Launching Playwright browser","timestamp":"2026-10-02T08:52:30.504Z"}
{"account":"HYPD - Ayush","level":"info","message":"Browser session ready","reusedStoredSession":true,"timestamp":"2026-10-02T08:52:30.764Z"}
{"level":"info","message":"Login required, submitting authorized credentials","timestamp":"2026-10-02T08:52:32.420Z"}
{"html":"logs/challenge-hypd_ayush-captcha.html","level":"info","message":"Saved challenge evidence","screenshot":"logs/challenge-hypd_ayush-captcha.png","timestamp":"2026-10-02T08:52:35.815Z"}
{"accountId":"hypd_ayush","accountName":"HYPD - Ayush","challenge":true,"challengeKind":"captcha","level":"error","message":"Account sync failed Authorized user interaction required: captcha","stack":"AuthChallengeError: Authorized user interaction required: captcha\n    at ensureAuthenticated (file:///C:/Users/Krishna/Downloads/uppromote-sheets-sync-step1/uppromote-sheets-sync-step1/scraper/auth.js:146:11)\n    at async runSync (file:///C:/Users/Krishna/Downloads/uppromote-sheets-sync-step1/uppromote-sheets-sync-step1/sync/syncEngine.js:25:20)\n    at async file:///C:/Users/Krishna/Downloads/uppromote-sheets-sync-step1/uppromote-sheets-sync-step1/runner.js:5:18","timestamp":"2026-10-02T08:52:35.816Z"}
{"account":"HYPD - Ayush","level":"debug","message":"Saved Playwright storage state","path":"C:\\Users\\Krishna\\Downloads\\uppromote-sheets-sync-step1\\uppromote-sheets-sync-step1\\playwright-session\\hypd_ayush.json","timestamp":"2026-10-02T08:52:35.894Z"}
{"account":"HYPD - Ayush","level":"warn","message":"Resetting browser session","timestamp":"2026-10-02T08:52:35.894Z"}
{"accountId":"hypd_prathmesh","accountName":"HYPD - Prathmesh","level":"info","message":"Starting account sync","timestamp":"2026-10-02T08:52:36.507Z"}
{"account":"HYPD - Prathmesh","headless":true,"level":"info","message":"Launching Playwright browser","timestamp":"2026-10-02T08:52:36.508Z"}
{"account":"HYPD - Prathmesh","level":"info","message":"Browser session ready","reusedStoredSession":true,"timestamp":"2026-10-02T08:52:36.760Z"}
{"level":"info","message":"Login required, submitting authorized credentials","timestamp":"2026-10-02T08:52:38.391Z"}
{"html":"logs/challenge-hypd_prathmesh-captcha.html","level":"info","message":"Saved challenge evidence","screenshot":"logs/challenge-hypd_prathmesh-captcha.png","timestamp":"2026-10-02T08:52:41.694Z"}
{"accountId":"hypd_prathmesh","accountName":"HYPD - Prathmesh","challenge":true,"challengeKind":"captcha","level":"error","message":"Account sync failed Authorized user interaction required: captcha","stack":"AuthChallengeError: Authorized user interaction required: captcha\n    at ensureAuthenticated (file:///C:/Users/Krishna/Downloads/uppromote-sheets-sync-step1/uppromote-sheets-sync-step1/scraper/auth.js:146:11)\n    at async runSync (file:///C:/Users/Krishna/Downloads/uppromote-sheets-sync-step1/uppromote-sheets-sync-step1/sync/syncEngine.js:25:20)\n    at async file:///C:/Users/Krishna/Downloads/uppromote-sheets-sync-step1/uppromote-sheets-sync-step1/runner.js:5:18","timestamp":"2026-10-02T08:52:41.695Z"}
{"account":"HYPD - Prathmesh","level":"debug","message":"Saved Playwright storage state","path":"C:\\Users\\Krishna\\Downloads\\uppromote-sheets-sync-step1\\uppromote-sheets-sync-step1\\playwright-session\\hypd_prathmesh.json","timestamp":"2026-10-02T08:52:41.772Z"}
{"account":"HYPD - Prathmesh","level":"warn","message":"Resetting browser session","timestamp":"2026-10-02T08:52:41.772Z"}
{"accountId":"hypd_team","accountName":"HYPD - Team","level":"info","message":"Starting account sync","timestamp":"2026-10-02T08:52:42.368Z"}
{"account":"HYPD - Team","headless":true,"level":"info","message":"Launching Playwright browser","timestamp":"2026-10-02T08:52:42.369Z"}
{"account":"HYPD - Team","level":"info","message":"Browser session ready","reusedStoredSession":true,"timestamp":"2026-10-02T08:52:42.605Z"}
{"level":"info","message":"Login required, submitting authorized credentials","timestamp":"2026-10-02T08:52:44.392Z"}
{"html":"logs/challenge-hypd_team-captcha.html","level":"info","message":"Saved challenge evidence","screenshot":"logs/challenge-hypd_team-captcha.png","timestamp":"2026-10-02T08:52:47.795Z"}
{"accountId":"hypd_team","accountName":"HYPD - Team","challenge":true,"challengeKind":"captcha","level":"error","message":"Account sync failed Authorized user interaction required: captcha","stack":"AuthChallengeError: Authorized user interaction required: captcha\n    at ensureAuthenticated (file:///C:/Users/Krishna/Downloads/uppromote-sheets-sync-step1/uppromote-sheets-sync-step1/scraper/auth.js:146:11)\n    at async runSync (file:///C:/Users/Krishna/Downloads/uppromote-sheets-sync-step1/uppromote-sheets-sync-step1/sync/syncEngine.js:25:20)\n    at async file:///C:/Users/Krishna/Downloads/uppromote-sheets-sync-step1/uppromote-sheets-sync-step1/runner.js:5:18","timestamp":"2026-10-02T08:52:47.796Z"}
{"account":"HYPD - Team","level":"debug","message":"Saved Playwright storage state","path":"C:\\Users\\Krishna\\Downloads\\uppromote-sheets-sync-step1\\uppromote-sheets-sync-step1\\playwright-session\\hypd_team.json","timestamp":"2026-10-02T08:52:47.868Z"}
{"account":"HYPD - Team","level":"warn","message":"Resetting browser session","timestamp":"2026-10-02T08:52:47.868Z"}
{"accountId":"hypd_reet","accountName":"HYPD - Reet","level":"info","message":"Starting account sync","timestamp":"2026-10-02T08:52:48.469Z"}
{"account":"HYPD - Reet","headless":true,"level":"info","message":"Launching Playwright browser","timestamp":"2026-10-02T08:52:48.470Z"}
{"account":"HYPD - Reet","level":"info","message":"Browser session ready","reusedStoredSession":true,"timestamp":"2026-10-02T08:52:48.855Z"}
{"level":"info","message":"Login required, submitting authorized credentials","timestamp":"2026-10-02T08:52:50.589Z"}
{"html":"logs/challenge-hypd_reet-captcha.html","level":"info","message":"Saved challenge evidence","screenshot":"logs/challenge-hypd_reet-captcha.png","timestamp":"2026-10-02T08:52:54.227Z"}
{"accountId":"hypd_reet","accountName":"HYPD - Reet","challenge":true,"challengeKind":"captcha","level":"error","message":"Account sync failed Authorized user interaction required: captcha","stack":"AuthChallengeError: Authorized user interaction required: captcha\n    at ensureAuthenticated (file:///C:/Users/Krishna/Downloads/uppromote-sheets-sync-step1/uppromote-sheets-sync-step1/scraper/auth.js:146:11)\n    at async runSync (file:///C:/Users/Krishna/Downloads/uppromote-sheets-sync-step1/uppromote-sheets-sync-step1/sync/syncEngine.js:25:20)\n    at async file:///C:/Users/Krishna/Downloads/uppromote-sheets-sync-step1/uppromote-sheets-sync-step1/runner.js:5:18","timestamp":"2026-10-02T08:52:54.228Z"}
{"account":"HYPD - Reet","level":"debug","message":"Saved Playwright storage state","path":"C:\\Users\\Krishna\\Downloads\\uppromote-sheets-sync-step1\\uppromote-sheets-sync-step1\\playwright-session\\hypd_reet.json","timestamp":"2026-10-02T08:52:54.313Z"}
{"account":"HYPD - Reet","level":"warn","message":"Resetting browser session","timestamp":"2026-10-02T08:52:54.314Z"}
{"accountId":"hypd_krishna","accountName":"HYPD - Krishna","level":"info","message":"Starting account sync","timestamp":"2026-10-02T08:52:54.922Z"}
{"account":"HYPD - Krishna","headless":true,"level":"info","message":"Launching Playwright browser","timestamp":"2026-10-02T08:52:54.923Z"}
{"account":"HYPD - Krishna","level":"info","message":"Browser session ready","reusedStoredSession":true,"timestamp":"2026-10-02T08:52:55.167Z"}
{"level":"info","message":"Login required, submitting authorized credentials","timestamp":"2026-10-02T08:52:56.924Z"}
{"html":"logs/challenge-hypd_krishna-captcha.html","level":"info","message":"Saved challenge evidence","screenshot":"logs/challenge-hypd_krishna-captcha.png","timestamp":"2026-10-02T08:53:00.146Z"}
{"accountId":"hypd_krishna","accountName":"HYPD - Krishna","challenge":true,"challengeKind":"captcha","level":"error","message":"Account sync failed Authorized user interaction required: captcha","stack":"AuthChallengeError: Authorized user interaction required: captcha\n    at ensureAuthenticated (file:///C:/Users/Krishna/Downloads/uppromote-sheets-sync-step1/uppromote-sheets-sync-step1/scraper/auth.js:146:11)\n    at async runSync (file:///C:/Users/Krishna/Downloads/uppromote-sheets-sync-step1/uppromote-sheets-sync-step1/sync/syncEngine.js:25:20)\n    at async file:///C:/Users/Krishna/Downloads/uppromote-sheets-sync-step1/uppromote-sheets-sync-step1/runner.js:5:18","timestamp":"2026-10-02T08:53:00.147Z"}
{"account":"HYPD - Krishna","level":"debug","message":"Saved Playwright storage state","path":"C:\\Users\\Krishna\\Downloads\\uppromote-sheets-sync-step1\\uppromote-sheets-sync-step1\\playwright-session\\hypd_krishna.json","timestamp":"2026-10-02T08:53:00.221Z"}
{"account":"HYPD - Krishna","level":"warn","message":"Resetting browser session","timestamp":"2026-10-02T08:53:00.221Z"}
{"accountId":"hypd_sayan_socialnorm","accountName":"HYPD - Sayan (SocialNorm)","level":"info","message":"Starting account sync","timestamp":"2026-10-02T08:53:00.834Z"}
{"account":"HYPD - Sayan (SocialNorm)","headless":true,"level":"info","message":"Launching Playwright browser","timestamp":"2026-10-02T08:53:00.835Z"}
{"account":"HYPD - Sayan (SocialNorm)","level":"info","message":"Browser session ready","reusedStoredSession":true,"timestamp":"2026-10-02T08:53:01.070Z"}
{"level":"info","message":"Login required, submitting authorized credentials","timestamp":"2026-10-02T08:53:02.837Z"}
{"html":"logs/challenge-hypd_sayan_socialnorm-captcha.html","level":"info","message":"Saved challenge evidence","screenshot":"logs/challenge-hypd_sayan_socialnorm-captcha.png","timestamp":"2026-10-02T08:53:05.514Z"}
{"accountId":"hypd_sayan_socialnorm","accountName":"HYPD - Sayan (SocialNorm)","challenge":true,"challengeKind":"captcha","level":"error","message":"Account sync failed Authorized user interaction required: captcha","stack":"AuthChallengeError: Authorized user interaction required: captcha\n    at ensureAuthenticated (file:///C:/Users/Krishna/Downloads/uppromote-sheets-sync-step1/uppromote-sheets-sync-step1/scraper/auth.js:146:11)\n    at async runSync (file:///C:/Users/Krishna/Downloads/uppromote-sheets-sync-step1/uppromote-sheets-sync-step1/sync/syncEngine.js:25:20)\n    at async file:///C:/Users/Krishna/Downloads/uppromote-sheets-sync-step1/uppromote-sheets-sync-step1/runner.js:5:18","timestamp":"2026-10-02T08:53:05.514Z"}
{"account":"HYPD - Sayan (SocialNorm)","level":"debug","message":"Saved Playwright storage state","path":"C:\\Users\\Krishna\\Downloads\\uppromote-sheets-sync-step1\\uppromote-sheets-sync-step1\\playwright-session\\hypd_sayan_socialnorm.json","timestamp":"2026-10-02T08:53:05.586Z"}
{"account":"HYPD - Sayan (SocialNorm)","level":"warn","message":"Resetting browser session","timestamp":"2026-10-02T08:53:05.587Z"}
{"accountId":"tomhill_reet","accountName":"TomHill - Reet","level":"info","message":"Starting account sync","timestamp":"2026-10-02T08:53:06.221Z"}
{"account":"TomHill - Reet","headless":true,"level":"info","message":"Launching Playwright browser","timestamp":"2026-10-02T08:53:06.221Z"}
{"account":"TomHill - Reet","level":"info","message":"Browser session ready","reusedStoredSession":true,"timestamp":"2026-10-02T08:53:06.480Z"}
{"level":"info","message":"Login required, submitting authorized credentials","timestamp":"2026-10-02T08:53:08.187Z"}
{"html":"logs/challenge-tomhill_reet-captcha.html","level":"info","message":"Saved challenge evidence","screenshot":"logs/challenge-tomhill_reet-captcha.png","timestamp":"2026-10-02T08:53:12.154Z"}
{"accountId":"tomhill_reet","accountName":"TomHill - Reet","challenge":true,"challengeKind":"captcha","level":"error","message":"Account sync failed Authorized user interaction required: captcha","stack":"AuthChallengeError: Authorized user interaction required: captcha\n    at ensureAuthenticated (file:///C:/Users/Krishna/Downloads/uppromote-sheets-sync-step1/uppromote-sheets-sync-step1/scraper/auth.js:146:11)\n    at async runSync (file:///C:/Users/Krishna/Downloads/uppromote-sheets-sync-step1/uppromote-sheets-sync-step1/sync/syncEngine.js:25:20)\n    at async file:///C:/Users/Krishna/Downloads/uppromote-sheets-sync-step1/uppromote-sheets-sync-step1/runner.js:5:18","timestamp":"2026-10-02T08:53:12.154Z"}
{"account":"TomHill - Reet","level":"debug","message":"Saved Playwright storage state","path":"C:\\Users\\Krishna\\Downloads\\uppromote-sheets-sync-step1\\uppromote-sheets-sync-step1\\playwright-session\\tomhill_reet.json","timestamp":"2026-10-02T08:53:12.218Z"}
{"account":"TomHill - Reet","level":"warn","message":"Resetting browser session","timestamp":"2026-10-02T08:53:12.218Z"}
{"accountId":"tomhill_aryan","accountName":"TomHill - Aryan","level":"info","message":"Starting account sync","timestamp":"2026-10-02T08:53:12.818Z"}
{"account":"TomHill - Aryan","headless":true,"level":"info","message":"Launching Playwright browser","timestamp":"2026-10-02T08:53:12.818Z"}
{"account":"TomHill - Aryan","level":"info","message":"Browser session ready","reusedStoredSession":true,"timestamp":"2026-10-02T08:53:13.078Z"}
{"level":"info","message":"Login required, submitting authorized credentials","timestamp":"2026-10-02T08:53:14.938Z"}
{"html":"logs/challenge-tomhill_aryan-captcha.html","level":"info","message":"Saved challenge evidence","screenshot":"logs/challenge-tomhill_aryan-captcha.png","timestamp":"2026-10-02T08:53:17.957Z"}
{"accountId":"tomhill_aryan","accountName":"TomHill - Aryan","challenge":true,"challengeKind":"captcha","level":"error","message":"Account sync failed Authorized user interaction required: captcha","stack":"AuthChallengeError: Authorized user interaction required: captcha\n    at ensureAuthenticated (file:///C:/Users/Krishna/Downloads/uppromote-sheets-sync-step1/uppromote-sheets-sync-step1/scraper/auth.js:146:11)\n    at async runSync (file:///C:/Users/Krishna/Downloads/uppromote-sheets-sync-step1/uppromote-sheets-sync-step1/sync/syncEngine.js:25:20)\n    at async file:///C:/Users/Krishna/Downloads/uppromote-sheets-sync-step1/uppromote-sheets-sync-step1/runner.js:5:18","timestamp":"2026-10-02T08:53:17.957Z"}
{"account":"TomHill - Aryan","level":"debug","message":"Saved Playwright storage state","path":"C:\\Users\\Krishna\\Downloads\\uppromote-sheets-sync-step1\\uppromote-sheets-sync-step1\\playwright-session\\tomhill_aryan.json","timestamp":"2026-10-02T08:53:18.020Z"}
{"account":"TomHill - Aryan","level":"warn","message":"Resetting browser session","timestamp":"2026-10-02T08:53:18.020Z"}
{"accountId":"tomhill_krishna","accountName":"TomHill - Krishna","level":"info","message":"Starting account sync","timestamp":"2026-10-02T08:53:18.602Z"}
{"account":"TomHill - Krishna","headless":true,"level":"info","message":"Launching Playwright browser","timestamp":"2026-10-02T08:53:18.602Z"}
{"account":"TomHill - Krishna","level":"info","message":"Browser session ready","reusedStoredSession":true,"timestamp":"2026-10-02T08:53:18.872Z"}
{"level":"info","message":"Login required, submitting authorized credentials","timestamp":"2026-10-02T08:53:20.637Z"}
{"html":"logs/challenge-tomhill_krishna-captcha.html","level":"info","message":"Saved challenge evidence","screenshot":"logs/challenge-tomhill_krishna-captcha.png","timestamp":"2026-10-02T08:53:24.411Z"}
{"accountId":"tomhill_krishna","accountName":"TomHill - Krishna","challenge":true,"challengeKind":"captcha","level":"error","message":"Account sync failed Authorized user interaction required: captcha","stack":"AuthChallengeError: Authorized user interaction required: captcha\n    at ensureAuthenticated (file:///C:/Users/Krishna/Downloads/uppromote-sheets-sync-step1/uppromote-sheets-sync-step1/scraper/auth.js:146:11)\n    at async runSync (file:///C:/Users/Krishna/Downloads/uppromote-sheets-sync-step1/uppromote-sheets-sync-step1/sync/syncEngine.js:25:20)\n    at async file:///C:/Users/Krishna/Downloads/uppromote-sheets-sync-step1/uppromote-sheets-sync-step1/runner.js:5:18","timestamp":"2026-10-02T08:53:24.411Z"}
{"account":"TomHill - Krishna","level":"debug","message":"Saved Playwright storage state","path":"C:\\Users\\Krishna\\Downloads\\uppromote-sheets-sync-step1\\uppromote-sheets-sync-step1\\playwright-session\\tomhill_krishna.json","timestamp":"2026-10-02T08:53:24.475Z"}
{"account":"TomHill - Krishna","level":"warn","message":"Resetting browser session","timestamp":"2026-10-02T08:53:24.475Z"}
{"accountId":"tomhill_team","accountName":"TomHill - Team","level":"info","message":"Starting account sync","timestamp":"2026-10-02T08:53:25.079Z"}
{"account":"TomHill - Team","headless":true,"level":"info","message":"Launching Playwright browser","timestamp":"2026-10-02T08:53:25.080Z"}
{"account":"TomHill - Team","level":"info","message":"Browser session ready","reusedStoredSession":true,"timestamp":"2026-10-02T08:53:25.389Z"}
{"html":"logs/challenge-tomhill_team-captcha.html","level":"info","message":"Saved challenge evidence","screenshot":"logs/challenge-tomhill_team-captcha.png","timestamp":"2026-10-02T08:53:27.588Z"}
{"accountId":"tomhill_team","accountName":"TomHill - Team","challenge":true,"challengeKind":"captcha","level":"error","message":"Account sync failed Authorized user interaction required: captcha","stack":"AuthChallengeError: Authorized user interaction required: captcha\n    at ensureAuthenticated (file:///C:/Users/Krishna/Downloads/uppromote-sheets-sync-step1/uppromote-sheets-sync-step1/scraper/auth.js:107:11)\n    at async runSync (file:///C:/Users/Krishna/Downloads/uppromote-sheets-sync-step1/uppromote-sheets-sync-step1/sync/syncEngine.js:25:20)\n    at async file:///C:/Users/Krishna/Downloads/uppromote-sheets-sync-step1/uppromote-sheets-sync-step1/runner.js:5:18","timestamp":"2026-10-02T08:53:27.589Z"}
{"account":"TomHill - Team","level":"debug","message":"Saved Playwright storage state","path":"C:\\Users\\Krishna\\Downloads\\uppromote-sheets-sync-step1\\uppromote-sheets-sync-step1\\playwright-session\\tomhill_team.json","timestamp":"2026-10-02T08:53:27.655Z"}
{"account":"TomHill - Team","level":"warn","message":"Resetting browser session","timestamp":"2026-10-02T08:53:27.655Z"}
{"accountId":"tomhill_sayan","accountName":"TomHill - Sayan","level":"info","message":"Starting account sync","timestamp":"2026-10-02T08:53:28.334Z"}
{"account":"TomHill - Sayan","headless":true,"level":"info","message":"Launching Playwright browser","timestamp":"2026-10-02T08:53:28.334Z"}
{"account":"TomHill - Sayan","level":"info","message":"Browser session ready","reusedStoredSession":true,"timestamp":"2026-10-02T08:53:28.600Z"}
{"html":"logs/challenge-tomhill_sayan-captcha.html","level":"info","message":"Saved challenge evidence","screenshot":"logs/challenge-tomhill_sayan-captcha.png","timestamp":"2026-10-02T08:53:30.693Z"}
{"accountId":"tomhill_sayan","accountName":"TomHill - Sayan","challenge":true,"challengeKind":"captcha","level":"error","message":"Account sync failed Authorized user interaction required: captcha","stack":"AuthChallengeError: Authorized user interaction required: captcha\n    at ensureAuthenticated (file:///C:/Users/Krishna/Downloads/uppromote-sheets-sync-step1/uppromote-sheets-sync-step1/scraper/auth.js:107:11)\n    at async runSync (file:///C:/Users/Krishna/Downloads/uppromote-sheets-sync-step1/uppromote-sheets-sync-step1/sync/syncEngine.js:25:20)\n    at async file:///C:/Users/Krishna/Downloads/uppromote-sheets-sync-step1/uppromote-sheets-sync-step1/runner.js:5:18","timestamp":"2026-10-02T08:53:30.693Z"}
{"account":"TomHill - Sayan","level":"debug","message":"Saved Playwright storage state","path":"C:\\Users\\Krishna\\Downloads\\uppromote-sheets-sync-step1\\uppromote-sheets-sync-step1\\playwright-session\\tomhill_sayan.json","timestamp":"2026-10-02T08:53:30.761Z"}
{"account":"TomHill - Sayan","level":"warn","message":"Resetting browser session","timestamp":"2026-10-02T08:53:30.762Z"}
{"accountId":"tomhill_dilsher","accountName":"TomHill - Dilsher","level":"info","message":"Starting account sync","timestamp":"2026-10-02T08:53:31.333Z"}
{"account":"TomHill - Dilsher","headless":true,"level":"info","message":"Launching Playwright browser","timestamp":"2026-10-02T08:53:31.334Z"}
{"account":"TomHill - Dilsher","level":"info","message":"Browser session ready","reusedStoredSession":true,"timestamp":"2026-10-02T08:53:31.608Z"}
{"level":"info","message":"Login required, submitting authorized credentials","timestamp":"2026-10-02T08:53:33.910Z"}
{"html":"logs/challenge-tomhill_dilsher-captcha.html","level":"info","message":"Saved challenge evidence","screenshot":"logs/challenge-tomhill_dilsher-captcha.png","timestamp":"2026-10-02T08:53:37.442Z"}
{"accountId":"tomhill_dilsher","accountName":"TomHill - Dilsher","challenge":true,"challengeKind":"captcha","level":"error","message":"Account sync failed Authorized user interaction required: captcha","stack":"AuthChallengeError: Authorized user interaction required: captcha\n    at ensureAuthenticated (file:///C:/Users/Krishna/Downloads/uppromote-sheets-sync-step1/uppromote-sheets-sync-step1/scraper/auth.js:146:11)\n    at async runSync (file:///C:/Users/Krishna/Downloads/uppromote-sheets-sync-step1/uppromote-sheets-sync-step1/sync/syncEngine.js:25:20)\n    at async file:///C:/Users/Krishna/Downloads/uppromote-sheets-sync-step1/uppromote-sheets-sync-step1/runner.js:5:18","timestamp":"2026-10-02T08:53:37.442Z"}
{"account":"TomHill - Dilsher","level":"debug","message":"Saved Playwright storage state","path":"C:\\Users\\Krishna\\Downloads\\uppromote-sheets-sync-step1\\uppromote-sheets-sync-step1\\playwright-session\\tomhill_dilsher.json","timestamp":"2026-10-02T08:53:37.503Z"}
{"account":"TomHill - Dilsher","level":"warn","message":"Resetting browser session","timestamp":"2026-10-02T08:53:37.503Z"}
{"accountId":"tomhill_ayush","accountName":"TomHill - Ayush","level":"info","message":"Starting account sync","timestamp":"2026-10-02T08:53:38.099Z"}
{"account":"TomHill - Ayush","headless":true,"level":"info","message":"Launching Playwright browser","timestamp":"2026-10-02T08:53:38.099Z"}
{"account":"TomHill - Ayush","level":"info","message":"Browser session ready","reusedStoredSession":true,"timestamp":"2026-10-02T08:53:38.353Z"}
{"level":"info","message":"Login required, submitting authorized credentials","timestamp":"2026-10-02T08:53:40.076Z"}
{"html":"logs/challenge-tomhill_ayush-captcha.html","level":"info","message":"Saved challenge evidence","screenshot":"logs/challenge-tomhill_ayush-captcha.png","timestamp":"2026-10-02T08:53:43.142Z"}
{"accountId":"tomhill_ayush","accountName":"TomHill - Ayush","challenge":true,"challengeKind":"captcha","level":"error","message":"Account sync failed Authorized user interaction required: captcha","stack":"AuthChallengeError: Authorized user interaction required: captcha\n    at ensureAuthenticated (file:///C:/Users/Krishna/Downloads/uppromote-sheets-sync-step1/uppromote-sheets-sync-step1/scraper/auth.js:146:11)\n    at async runSync (file:///C:/Users/Krishna/Downloads/uppromote-sheets-sync-step1/uppromote-sheets-sync-step1/sync/syncEngine.js:25:20)\n    at async file:///C:/Users/Krishna/Downloads/uppromote-sheets-sync-step1/uppromote-sheets-sync-step1/runner.js:5:18","timestamp":"2026-10-02T08:53:43.143Z"}
{"account":"TomHill - Ayush","level":"debug","message":"Saved Playwright storage state","path":"C:\\Users\\Krishna\\Downloads\\uppromote-sheets-sync-step1\\uppromote-sheets-sync-step1\\playwright-session\\tomhill_ayush.json","timestamp":"2026-10-02T08:53:43.202Z"}
{"account":"TomHill - Ayush","level":"warn","message":"Resetting browser session","timestamp":"2026-10-02T08:53:43.202Z"}
{"accountCount":17,"accounts":[{"accountId":"hypd_dilsher","accountName":"HYPD - Dilsher","challenge":"captcha","message":"Authorized user interaction required: captcha","ok":false},{"accountId":"hypd_aryan","accountName":"HYPD - Aryan","challenge":"captcha","message":"Authorized user interaction required: captcha","ok":false},{"accountId":"hypd_aastha","accountName":"HYPD - Aastha","challenge":"captcha","message":"Authorized user interaction required: captcha","ok":false},{"accountId":"hypd_sayan","accountName":"HYPD - Sayan","challenge":"captcha","message":"Authorized user interaction required: captcha","ok":false},{"accountId":"hypd_ayush","accountName":"HYPD - Ayush","challenge":"captcha","message":"Authorized user interaction required: captcha","ok":false},{"accountId":"hypd_prathmesh","accountName":"HYPD - Prathmesh","challenge":"captcha","message":"Authorized user interaction required: captcha","ok":false},{"accountId":"hypd_team","accountName":"HYPD - Team","challenge":"captcha","message":"Authorized user interaction required: captcha","ok":false},{"accountId":"hypd_reet","accountName":"HYPD - Reet","challenge":"captcha","message":"Authorized user interaction required: captcha","ok":false},{"accountId":"hypd_krishna","accountName":"HYPD - Krishna","challenge":"captcha","message":"Authorized user interaction required: captcha","ok":false},{"accountId":"hypd_sayan_socialnorm","accountName":"HYPD - Sayan (SocialNorm)","challenge":"captcha","message":"Authorized user interaction required: captcha","ok":false},{"accountId":"tomhill_reet","accountName":"TomHill - Reet","challenge":"captcha","message":"Authorized user interaction required: captcha","ok":false},{"accountId":"tomhill_aryan","accountName":"TomHill - Aryan","challenge":"captcha","message":"Authorized user interaction required: captcha","ok":false},{"accountId":"tomhill_krishna","accountName":"TomHill - Krishna","challenge":"captcha","message":"Authorized user interaction required: captcha","ok":false},{"accountId":"tomhill_team","accountName":"TomHill - Team","challenge":"captcha","message":"Authorized user interaction required: captcha","ok":false},{"accountId":"tomhill_sayan","accountName":"TomHill - Sayan","challenge":"captcha","message":"Authorized user interaction required: captcha","ok":false},{"accountId":"tomhill_dilsher","accountName":"TomHill - Dilsher","challenge":"captcha","message":"Authorized user interaction required: captcha","ok":false},{"accountId":"tomhill_ayush","accountName":"TomHill - Ayush","challenge":"captcha","message":"Authorized user interaction required: captcha","ok":false}],"completedAt":"2026-10-02T08:53:43.798Z","durationSeconds":98,"failed":17,"level":"info","message":"Multi-account sync finished","mode":"full","startedAt":"2026-10-02T08:52:06.167Z","succeeded":0,"timestamp":"2026-10-02T08:53:43.799Z"}
{"accountCount":17,"level":"info","message":"Multi-account sync started","mode":"full","startedAt":"2026-10-02T09:03:46.767Z","timestamp":"2026-10-02T09:03:46.769Z"}
{"accountId":"hypd_dilsher","accountName":"HYPD - Dilsher","level":"info","message":"Starting account sync","timestamp":"2026-10-02T09:03:46.772Z"}
{"account":"HYPD - Dilsher","headless":true,"level":"info","message":"Launching Playwright browser","timestamp":"2026-10-02T09:03:46.773Z"}
{"account":"HYPD - Dilsher","level":"info","message":"Browser session ready","reusedStoredSession":true,"timestamp":"2026-10-02T09:03:47.171Z"}
{"level":"info","message":"Login required, submitting authorized credentials","timestamp":"2026-10-02T09:03:51.959Z"}
{"html":"logs/challenge-hypd_dilsher-captcha.html","level":"info","message":"Saved challenge evidence","screenshot":"logs/challenge-hypd_dilsher-captcha.png","timestamp":"2026-10-02T09:03:55.208Z"}
{"accountId":"hypd_dilsher","accountName":"HYPD - Dilsher","challenge":true,"challengeKind":"captcha","level":"error","message":"Account sync failed Authorized user interaction required: captcha","stack":"AuthChallengeError: Authorized user interaction required: captcha\n    at ensureAuthenticated (file:///C:/Users/Krishna/Downloads/uppromote-sheets-sync-step1/uppromote-sheets-sync-step1/scraper/auth.js:146:11)\n    at async runSync (file:///C:/Users/Krishna/Downloads/uppromote-sheets-sync-step1/uppromote-sheets-sync-step1/sync/syncEngine.js:25:20)\n    at async file:///C:/Users/Krishna/Downloads/uppromote-sheets-sync-step1/uppromote-sheets-sync-step1/runner.js:5:18","timestamp":"2026-10-02T09:03:55.209Z"}
{"account":"HYPD - Dilsher","level":"debug","message":"Saved Playwright storage state","path":"C:\\Users\\Krishna\\Downloads\\uppromote-sheets-sync-step1\\uppromote-sheets-sync-step1\\playwright-session\\hypd_dilsher.json","timestamp":"2026-10-02T09:03:55.280Z"}
{"account":"HYPD - Dilsher","level":"warn","message":"Resetting browser session","timestamp":"2026-10-02T09:03:55.281Z"}
{"accountId":"hypd_aryan","accountName":"HYPD - Aryan","level":"info","message":"Starting account sync","timestamp":"2026-10-02T09:03:55.897Z"}
{"account":"HYPD - Aryan","headless":true,"level":"info","message":"Launching Playwright browser","timestamp":"2026-10-02T09:03:55.897Z"}
{"account":"HYPD - Aryan","level":"info","message":"Browser session ready","reusedStoredSession":true,"timestamp":"2026-10-02T09:03:56.114Z"}
{"level":"info","message":"Login required, submitting authorized credentials","timestamp":"2026-10-02T09:03:57.803Z"}
{"html":"logs/challenge-hypd_aryan-captcha.html","level":"info","message":"Saved challenge evidence","screenshot":"logs/challenge-hypd_aryan-captcha.png","timestamp":"2026-10-02T09:04:00.989Z"}
{"accountId":"hypd_aryan","accountName":"HYPD - Aryan","challenge":true,"challengeKind":"captcha","level":"error","message":"Account sync failed Authorized user interaction required: captcha","stack":"AuthChallengeError: Authorized user interaction required: captcha\n    at ensureAuthenticated (file:///C:/Users/Krishna/Downloads/uppromote-sheets-sync-step1/uppromote-sheets-sync-step1/scraper/auth.js:146:11)\n    at async runSync (file:///C:/Users/Krishna/Downloads/uppromote-sheets-sync-step1/uppromote-sheets-sync-step1/sync/syncEngine.js:25:20)\n    at async file:///C:/Users/Krishna/Downloads/uppromote-sheets-sync-step1/uppromote-sheets-sync-step1/runner.js:5:18","timestamp":"2026-10-02T09:04:00.990Z"}
{"account":"HYPD - Aryan","level":"debug","message":"Saved Playwright storage state","path":"C:\\Users\\Krishna\\Downloads\\uppromote-sheets-sync-step1\\uppromote-sheets-sync-step1\\playwright-session\\hypd_aryan.json","timestamp":"2026-10-02T09:04:01.063Z"}
{"account":"HYPD - Aryan","level":"warn","message":"Resetting browser session","timestamp":"2026-10-02T09:04:01.063Z"}
{"accountId":"hypd_aastha","accountName":"HYPD - Aastha","level":"info","message":"Starting account sync","timestamp":"2026-10-02T09:04:01.661Z"}
{"account":"HYPD - Aastha","headless":true,"level":"info","message":"Launching Playwright browser","timestamp":"2026-10-02T09:04:01.661Z"}
{"account":"HYPD - Aastha","level":"info","message":"Browser session ready","reusedStoredSession":true,"timestamp":"2026-10-02T09:04:01.931Z"}
{"level":"info","message":"Login required, submitting authorized credentials","timestamp":"2026-10-02T09:04:03.550Z"}
{"html":"logs/challenge-hypd_aastha-captcha.html","level":"info","message":"Saved challenge evidence","screenshot":"logs/challenge-hypd_aastha-captcha.png","timestamp":"2026-10-02T09:04:06.708Z"}
{"accountId":"hypd_aastha","accountName":"HYPD - Aastha","challenge":true,"challengeKind":"captcha","level":"error","message":"Account sync failed Authorized user interaction required: captcha","stack":"AuthChallengeError: Authorized user interaction required: captcha\n    at ensureAuthenticated (file:///C:/Users/Krishna/Downloads/uppromote-sheets-sync-step1/uppromote-sheets-sync-step1/scraper/auth.js:146:11)\n    at async runSync (file:///C:/Users/Krishna/Downloads/uppromote-sheets-sync-step1/uppromote-sheets-sync-step1/sync/syncEngine.js:25:20)\n    at async file:///C:/Users/Krishna/Downloads/uppromote-sheets-sync-step1/uppromote-sheets-sync-step1/runner.js:5:18","timestamp":"2026-10-02T09:04:06.709Z"}
{"account":"HYPD - Aastha","level":"debug","message":"Saved Playwright storage state","path":"C:\\Users\\Krishna\\Downloads\\uppromote-sheets-sync-step1\\uppromote-sheets-sync-step1\\playwright-session\\hypd_aastha.json","timestamp":"2026-10-02T09:04:06.773Z"}
{"account":"HYPD - Aastha","level":"warn","message":"Resetting browser session","timestamp":"2026-10-02T09:04:06.773Z"}
{"accountId":"hypd_sayan","accountName":"HYPD - Sayan","level":"info","message":"Starting account sync","timestamp":"2026-10-02T09:04:07.369Z"}
{"account":"HYPD - Sayan","headless":true,"level":"info","message":"Launching Playwright browser","timestamp":"2026-10-02T09:04:07.369Z"}
{"account":"HYPD - Sayan","level":"info","message":"Browser session ready","reusedStoredSession":true,"timestamp":"2026-10-02T09:04:07.576Z"}
{"level":"info","message":"Login required, submitting authorized credentials","timestamp":"2026-10-02T09:04:09.176Z"}
{"html":"logs/challenge-hypd_sayan-captcha.html","level":"info","message":"Saved challenge evidence","screenshot":"logs/challenge-hypd_sayan-captcha.png","timestamp":"2026-10-02T09:04:12.319Z"}
{"accountId":"hypd_sayan","accountName":"HYPD - Sayan","challenge":true,"challengeKind":"captcha","level":"error","message":"Account sync failed Authorized user interaction required: captcha","stack":"AuthChallengeError: Authorized user interaction required: captcha\n    at ensureAuthenticated (file:///C:/Users/Krishna/Downloads/uppromote-sheets-sync-step1/uppromote-sheets-sync-step1/scraper/auth.js:146:11)\n    at async runSync (file:///C:/Users/Krishna/Downloads/uppromote-sheets-sync-step1/uppromote-sheets-sync-step1/sync/syncEngine.js:25:20)\n    at async file:///C:/Users/Krishna/Downloads/uppromote-sheets-sync-step1/uppromote-sheets-sync-step1/runner.js:5:18","timestamp":"2026-10-02T09:04:12.320Z"}
{"account":"HYPD - Sayan","level":"debug","message":"Saved Playwright storage state","path":"C:\\Users\\Krishna\\Downloads\\uppromote-sheets-sync-step1\\uppromote-sheets-sync-step1\\playwright-session\\hypd_sayan.json","timestamp":"2026-10-02T09:04:12.384Z"}
{"account":"HYPD - Sayan","level":"warn","message":"Resetting browser session","timestamp":"2026-10-02T09:04:12.385Z"}
{"accountId":"hypd_ayush","accountName":"HYPD - Ayush","level":"info","message":"Starting account sync","timestamp":"2026-10-02T09:04:12.985Z"}
{"account":"HYPD - Ayush","headless":true,"level":"info","message":"Launching Playwright browser","timestamp":"2026-10-02T09:04:12.985Z"}
{"account":"HYPD - Ayush","level":"info","message":"Browser session ready","reusedStoredSession":true,"timestamp":"2026-10-02T09:04:13.215Z"}
{"level":"info","message":"Login required, submitting authorized credentials","timestamp":"2026-10-02T09:04:15.028Z"}
{"html":"logs/challenge-hypd_ayush-captcha.html","level":"info","message":"Saved challenge evidence","screenshot":"logs/challenge-hypd_ayush-captcha.png","timestamp":"2026-10-02T09:04:18.121Z"}
{"accountId":"hypd_ayush","accountName":"HYPD - Ayush","challenge":true,"challengeKind":"captcha","level":"error","message":"Account sync failed Authorized user interaction required: captcha","stack":"AuthChallengeError: Authorized user interaction required: captcha\n    at ensureAuthenticated (file:///C:/Users/Krishna/Downloads/uppromote-sheets-sync-step1/uppromote-sheets-sync-step1/scraper/auth.js:146:11)\n    at async runSync (file:///C:/Users/Krishna/Downloads/uppromote-sheets-sync-step1/uppromote-sheets-sync-step1/sync/syncEngine.js:25:20)\n    at async file:///C:/Users/Krishna/Downloads/uppromote-sheets-sync-step1/uppromote-sheets-sync-step1/runner.js:5:18","timestamp":"2026-10-02T09:04:18.121Z"}
{"account":"HYPD - Ayush","level":"debug","message":"Saved Playwright storage state","path":"C:\\Users\\Krishna\\Downloads\\uppromote-sheets-sync-step1\\uppromote-sheets-sync-step1\\playwright-session\\hypd_ayush.json","timestamp":"2026-10-02T09:04:18.189Z"}
{"account":"HYPD - Ayush","level":"warn","message":"Resetting browser session","timestamp":"2026-10-02T09:04:18.189Z"}
{"accountId":"hypd_prathmesh","accountName":"HYPD - Prathmesh","level":"info","message":"Starting account sync","timestamp":"2026-10-02T09:04:18.796Z"}
{"account":"HYPD - Prathmesh","headless":true,"level":"info","message":"Launching Playwright browser","timestamp":"2026-10-02T09:04:18.796Z"}
{"account":"HYPD - Prathmesh","level":"info","message":"Browser session ready","reusedStoredSession":true,"timestamp":"2026-10-02T09:04:19.025Z"}
{"level":"info","message":"Login required, submitting authorized credentials","timestamp":"2026-10-02T09:04:20.682Z"}
{"html":"logs/challenge-hypd_prathmesh-captcha.html","level":"info","message":"Saved challenge evidence","screenshot":"logs/challenge-hypd_prathmesh-captcha.png","timestamp":"2026-10-02T09:04:24.229Z"}
{"accountId":"hypd_prathmesh","accountName":"HYPD - Prathmesh","challenge":true,"challengeKind":"captcha","level":"error","message":"Account sync failed Authorized user interaction required: captcha","stack":"AuthChallengeError: Authorized user interaction required: captcha\n    at ensureAuthenticated (file:///C:/Users/Krishna/Downloads/uppromote-sheets-sync-step1/uppromote-sheets-sync-step1/scraper/auth.js:146:11)\n    at async runSync (file:///C:/Users/Krishna/Downloads/uppromote-sheets-sync-step1/uppromote-sheets-sync-step1/sync/syncEngine.js:25:20)\n    at async file:///C:/Users/Krishna/Downloads/uppromote-sheets-sync-step1/uppromote-sheets-sync-step1/runner.js:5:18","timestamp":"2026-10-02T09:04:24.230Z"}
{"account":"HYPD - Prathmesh","level":"debug","message":"Saved Playwright storage state","path":"C:\\Users\\Krishna\\Downloads\\uppromote-sheets-sync-step1\\uppromote-sheets-sync-step1\\playwright-session\\hypd_prathmesh.json","timestamp":"2026-10-02T09:04:24.312Z"}
{"account":"HYPD - Prathmesh","level":"warn","message":"Resetting browser session","timestamp":"2026-10-02T09:04:24.313Z"}
{"accountId":"hypd_team","accountName":"HYPD - Team","level":"info","message":"Starting account sync","timestamp":"2026-10-02T09:04:24.917Z"}
{"account":"HYPD - Team","headless":true,"level":"info","message":"Launching Playwright browser","timestamp":"2026-10-02T09:04:24.917Z"}
{"account":"HYPD - Team","level":"info","message":"Browser session ready","reusedStoredSession":true,"timestamp":"2026-10-02T09:04:25.150Z"}
{"level":"info","message":"Login required, submitting authorized credentials","timestamp":"2026-10-02T09:04:26.725Z"}
{"html":"logs/challenge-hypd_team-captcha.html","level":"info","message":"Saved challenge evidence","screenshot":"logs/challenge-hypd_team-captcha.png","timestamp":"2026-10-02T09:04:29.344Z"}
{"accountId":"hypd_team","accountName":"HYPD - Team","challenge":true,"challengeKind":"captcha","level":"error","message":"Account sync failed Authorized user interaction required: captcha","stack":"AuthChallengeError: Authorized user interaction required: captcha\n    at ensureAuthenticated (file:///C:/Users/Krishna/Downloads/uppromote-sheets-sync-step1/uppromote-sheets-sync-step1/scraper/auth.js:146:11)\n    at async runSync (file:///C:/Users/Krishna/Downloads/uppromote-sheets-sync-step1/uppromote-sheets-sync-step1/sync/syncEngine.js:25:20)\n    at async file:///C:/Users/Krishna/Downloads/uppromote-sheets-sync-step1/uppromote-sheets-sync-step1/runner.js:5:18","timestamp":"2026-10-02T09:04:29.345Z"}
{"account":"HYPD - Team","level":"debug","message":"Saved Playwright storage state","path":"C:\\Users\\Krishna\\Downloads\\uppromote-sheets-sync-step1\\uppromote-sheets-sync-step1\\playwright-session\\hypd_team.json","timestamp":"2026-10-02T09:04:29.422Z"}
{"account":"HYPD - Team","level":"warn","message":"Resetting browser session","timestamp":"2026-10-02T09:04:29.423Z"}
{"accountId":"hypd_reet","accountName":"HYPD - Reet","level":"info","message":"Starting account sync","timestamp":"2026-10-02T09:04:30.040Z"}
{"account":"HYPD - Reet","headless":true,"level":"info","message":"Launching Playwright browser","timestamp":"2026-10-02T09:04:30.041Z"}
{"account":"HYPD - Reet","level":"info","message":"Browser session ready","reusedStoredSession":true,"timestamp":"2026-10-02T09:04:30.278Z"}
{"level":"info","message":"Login required, submitting authorized credentials","timestamp":"2026-10-02T09:04:31.956Z"}
{"html":"logs/challenge-hypd_reet-captcha.html","level":"info","message":"Saved challenge evidence","screenshot":"logs/challenge-hypd_reet-captcha.png","timestamp":"2026-10-02T09:04:35.405Z"}
{"accountId":"hypd_reet","accountName":"HYPD - Reet","challenge":true,"challengeKind":"captcha","level":"error","message":"Account sync failed Authorized user interaction required: captcha","stack":"AuthChallengeError: Authorized user interaction required: captcha\n    at ensureAuthenticated (file:///C:/Users/Krishna/Downloads/uppromote-sheets-sync-step1/uppromote-sheets-sync-step1/scraper/auth.js:146:11)\n    at async runSync (file:///C:/Users/Krishna/Downloads/uppromote-sheets-sync-step1/uppromote-sheets-sync-step1/sync/syncEngine.js:25:20)\n    at async file:///C:/Users/Krishna/Downloads/uppromote-sheets-sync-step1/uppromote-sheets-sync-step1/runner.js:5:18","timestamp":"2026-10-02T09:04:35.405Z"}
{"account":"HYPD - Reet","level":"debug","message":"Saved Playwright storage state","path":"C:\\Users\\Krishna\\Downloads\\uppromote-sheets-sync-step1\\uppromote-sheets-sync-step1\\playwright-session\\hypd_reet.json","timestamp":"2026-10-02T09:04:35.489Z"}
{"account":"HYPD - Reet","level":"warn","message":"Resetting browser session","timestamp":"2026-10-02T09:04:35.489Z"}
{"accountId":"hypd_krishna","accountName":"HYPD - Krishna","level":"info","message":"Starting account sync","timestamp":"2026-10-02T09:04:36.087Z"}
{"account":"HYPD - Krishna","headless":true,"level":"info","message":"Launching Playwright browser","timestamp":"2026-10-02T09:04:36.088Z"}
{"account":"HYPD - Krishna","level":"info","message":"Browser session ready","reusedStoredSession":true,"timestamp":"2026-10-02T09:04:36.318Z"}
{"level":"info","message":"Login required, submitting authorized credentials","timestamp":"2026-10-02T09:04:38.041Z"}
{"html":"logs/challenge-hypd_krishna-captcha.html","level":"info","message":"Saved challenge evidence","screenshot":"logs/challenge-hypd_krishna-captcha.png","timestamp":"2026-10-02T09:04:41.367Z"}
{"accountId":"hypd_krishna","accountName":"HYPD - Krishna","challenge":true,"challengeKind":"captcha","level":"error","message":"Account sync failed Authorized user interaction required: captcha","stack":"AuthChallengeError: Authorized user interaction required: captcha\n    at ensureAuthenticated (file:///C:/Users/Krishna/Downloads/uppromote-sheets-sync-step1/uppromote-sheets-sync-step1/scraper/auth.js:146:11)\n    at async runSync (file:///C:/Users/Krishna/Downloads/uppromote-sheets-sync-step1/uppromote-sheets-sync-step1/sync/syncEngine.js:25:20)\n    at async file:///C:/Users/Krishna/Downloads/uppromote-sheets-sync-step1/uppromote-sheets-sync-step1/runner.js:5:18","timestamp":"2026-10-02T09:04:41.367Z"}
{"account":"HYPD - Krishna","level":"debug","message":"Saved Playwright storage state","path":"C:\\Users\\Krishna\\Downloads\\uppromote-sheets-sync-step1\\uppromote-sheets-sync-step1\\playwright-session\\hypd_krishna.json","timestamp":"2026-10-02T09:04:41.446Z"}
{"account":"HYPD - Krishna","level":"warn","message":"Resetting browser session","timestamp":"2026-10-02T09:04:41.446Z"}
{"accountId":"hypd_sayan_socialnorm","accountName":"HYPD - Sayan (SocialNorm)","level":"info","message":"Starting account sync","timestamp":"2026-10-02T09:04:42.030Z"}
{"account":"HYPD - Sayan (SocialNorm)","headless":true,"level":"info","message":"Launching Playwright browser","timestamp":"2026-10-02T09:04:42.030Z"}
{"account":"HYPD - Sayan (SocialNorm)","level":"info","message":"Browser session ready","reusedStoredSession":true,"timestamp":"2026-10-02T09:04:42.271Z"}
{"level":"info","message":"Login required, submitting authorized credentials","timestamp":"2026-10-02T09:04:44.251Z"}
{"html":"logs/challenge-hypd_sayan_socialnorm-captcha.html","level":"info","message":"Saved challenge evidence","screenshot":"logs/challenge-hypd_sayan_socialnorm-captcha.png","timestamp":"2026-10-02T09:04:48.867Z"}
{"accountId":"hypd_sayan_socialnorm","accountName":"HYPD - Sayan (SocialNorm)","challenge":true,"challengeKind":"captcha","level":"error","message":"Account sync failed Authorized user interaction required: captcha","stack":"AuthChallengeError: Authorized user interaction required: captcha\n    at ensureAuthenticated (file:///C:/Users/Krishna/Downloads/uppromote-sheets-sync-step1/uppromote-sheets-sync-step1/scraper/auth.js:146:11)\n    at async runSync (file:///C:/Users/Krishna/Downloads/uppromote-sheets-sync-step1/uppromote-sheets-sync-step1/sync/syncEngine.js:25:20)\n    at async file:///C:/Users/Krishna/Downloads/uppromote-sheets-sync-step1/uppromote-sheets-sync-step1/runner.js:5:18","timestamp":"2026-10-02T09:04:48.868Z"}
{"account":"HYPD - Sayan (SocialNorm)","level":"debug","message":"Saved Playwright storage state","path":"C:\\Users\\Krishna\\Downloads\\uppromote-sheets-sync-step1\\uppromote-sheets-sync-step1\\playwright-session\\hypd_sayan_socialnorm.json","timestamp":"2026-10-02T09:04:48.947Z"}
{"account":"HYPD - Sayan (SocialNorm)","level":"warn","message":"Resetting browser session","timestamp":"2026-10-02T09:04:48.947Z"}
{"accountId":"tomhill_reet","accountName":"TomHill - Reet","level":"info","message":"Starting account sync","timestamp":"2026-10-02T09:04:49.557Z"}
{"account":"TomHill - Reet","headless":true,"level":"info","message":"Launching Playwright browser","timestamp":"2026-10-02T09:04:49.557Z"}
{"account":"TomHill - Reet","level":"info","message":"Browser session ready","reusedStoredSession":true,"timestamp":"2026-10-02T09:04:49.856Z"}
{"level":"info","message":"Login required, submitting authorized credentials","timestamp":"2026-10-02T09:04:51.668Z"}
{"html":"logs/challenge-tomhill_reet-captcha.html","level":"info","message":"Saved challenge evidence","screenshot":"logs/challenge-tomhill_reet-captcha.png","timestamp":"2026-10-02T09:04:56.631Z"}
{"accountId":"tomhill_reet","accountName":"TomHill - Reet","challenge":true,"challengeKind":"captcha","level":"error","message":"Account sync failed Authorized user interaction required: captcha","stack":"AuthChallengeError: Authorized user interaction required: captcha\n    at ensureAuthenticated (file:///C:/Users/Krishna/Downloads/uppromote-sheets-sync-step1/uppromote-sheets-sync-step1/scraper/auth.js:146:11)\n    at async runSync (file:///C:/Users/Krishna/Downloads/uppromote-sheets-sync-step1/uppromote-sheets-sync-step1/sync/syncEngine.js:25:20)\n    at async file:///C:/Users/Krishna/Downloads/uppromote-sheets-sync-step1/uppromote-sheets-sync-step1/runner.js:5:18","timestamp":"2026-10-02T09:04:56.632Z"}
{"account":"TomHill - Reet","level":"debug","message":"Saved Playwright storage state","path":"C:\\Users\\Krishna\\Downloads\\uppromote-sheets-sync-step1\\uppromote-sheets-sync-step1\\playwright-session\\tomhill_reet.json","timestamp":"2026-10-02T09:04:56.710Z"}
{"account":"TomHill - Reet","level":"warn","message":"Resetting browser session","timestamp":"2026-10-02T09:04:56.710Z"}
{"accountId":"tomhill_aryan","accountName":"TomHill - Aryan","level":"info","message":"Starting account sync","timestamp":"2026-10-02T09:04:57.312Z"}
{"account":"TomHill - Aryan","headless":true,"level":"info","message":"Launching Playwright browser","timestamp":"2026-10-02T09:04:57.313Z"}
{"account":"TomHill - Aryan","level":"info","message":"Browser session ready","reusedStoredSession":true,"timestamp":"2026-10-02T09:04:57.595Z"}
{"level":"info","message":"Login required, submitting authorized credentials","timestamp":"2026-10-02T09:04:59.219Z"}
{"html":"logs/challenge-tomhill_aryan-captcha.html","level":"info","message":"Saved challenge evidence","screenshot":"logs/challenge-tomhill_aryan-captcha.png","timestamp":"2026-10-02T09:05:03.149Z"}
{"accountId":"tomhill_aryan","accountName":"TomHill - Aryan","challenge":true,"challengeKind":"captcha","level":"error","message":"Account sync failed Authorized user interaction required: captcha","stack":"AuthChallengeError: Authorized user interaction required: captcha\n    at ensureAuthenticated (file:///C:/Users/Krishna/Downloads/uppromote-sheets-sync-step1/uppromote-sheets-sync-step1/scraper/auth.js:146:11)\n    at async runSync (file:///C:/Users/Krishna/Downloads/uppromote-sheets-sync-step1/uppromote-sheets-sync-step1/sync/syncEngine.js:25:20)\n    at async file:///C:/Users/Krishna/Downloads/uppromote-sheets-sync-step1/uppromote-sheets-sync-step1/runner.js:5:18","timestamp":"2026-10-02T09:05:03.150Z"}
{"account":"TomHill - Aryan","level":"debug","message":"Saved Playwright storage state","path":"C:\\Users\\Krishna\\Downloads\\uppromote-sheets-sync-step1\\uppromote-sheets-sync-step1\\playwright-session\\tomhill_aryan.json","timestamp":"2026-10-02T09:05:03.236Z"}
{"account":"TomHill - Aryan","level":"warn","message":"Resetting browser session","timestamp":"2026-10-02T09:05:03.236Z"}
{"accountId":"tomhill_krishna","accountName":"TomHill - Krishna","level":"info","message":"Starting account sync","timestamp":"2026-10-02T09:05:03.820Z"}
{"account":"TomHill - Krishna","headless":true,"level":"info","message":"Launching Playwright browser","timestamp":"2026-10-02T09:05:03.821Z"}
{"account":"TomHill - Krishna","level":"info","message":"Browser session ready","reusedStoredSession":true,"timestamp":"2026-10-02T09:05:04.111Z"}
{"level":"info","message":"Login required, submitting authorized credentials","timestamp":"2026-10-02T09:05:05.790Z"}
{"html":"logs/challenge-tomhill_krishna-captcha.html","level":"info","message":"Saved challenge evidence","screenshot":"logs/challenge-tomhill_krishna-captcha.png","timestamp":"2026-10-02T09:05:09.357Z"}
{"accountId":"tomhill_krishna","accountName":"TomHill - Krishna","challenge":true,"challengeKind":"captcha","level":"error","message":"Account sync failed Authorized user interaction required: captcha","stack":"AuthChallengeError: Authorized user interaction required: captcha\n    at ensureAuthenticated (file:///C:/Users/Krishna/Downloads/uppromote-sheets-sync-step1/uppromote-sheets-sync-step1/scraper/auth.js:146:11)\n    at async runSync (file:///C:/Users/Krishna/Downloads/uppromote-sheets-sync-step1/uppromote-sheets-sync-step1/sync/syncEngine.js:25:20)\n    at async file:///C:/Users/Krishna/Downloads/uppromote-sheets-sync-step1/uppromote-sheets-sync-step1/runner.js:5:18","timestamp":"2026-10-02T09:05:09.358Z"}
{"account":"TomHill - Krishna","level":"debug","message":"Saved Playwright storage state","path":"C:\\Users\\Krishna\\Downloads\\uppromote-sheets-sync-step1\\uppromote-sheets-sync-step1\\playwright-session\\tomhill_krishna.json","timestamp":"2026-10-02T09:05:09.438Z"}
{"account":"TomHill - Krishna","level":"warn","message":"Resetting browser session","timestamp":"2026-10-02T09:05:09.438Z"}
{"accountId":"tomhill_team","accountName":"TomHill - Team","level":"info","message":"Starting account sync","timestamp":"2026-10-02T09:05:10.050Z"}
{"account":"TomHill - Team","headless":true,"level":"info","message":"Launching Playwright browser","timestamp":"2026-10-02T09:05:10.050Z"}
{"account":"TomHill - Team","level":"info","message":"Browser session ready","reusedStoredSession":true,"timestamp":"2026-10-02T09:05:10.369Z"}
{"level":"info","message":"Login required, submitting authorized credentials","timestamp":"2026-10-02T09:05:12.039Z"}
{"html":"logs/challenge-tomhill_team-captcha.html","level":"info","message":"Saved challenge evidence","screenshot":"logs/challenge-tomhill_team-captcha.png","timestamp":"2026-10-02T09:05:15.384Z"}
{"accountId":"tomhill_team","accountName":"TomHill - Team","challenge":true,"challengeKind":"captcha","level":"error","message":"Account sync failed Authorized user interaction required: captcha","stack":"AuthChallengeError: Authorized user interaction required: captcha\n    at ensureAuthenticated (file:///C:/Users/Krishna/Downloads/uppromote-sheets-sync-step1/uppromote-sheets-sync-step1/scraper/auth.js:146:11)\n    at async runSync (file:///C:/Users/Krishna/Downloads/uppromote-sheets-sync-step1/uppromote-sheets-sync-step1/sync/syncEngine.js:25:20)\n    at async file:///C:/Users/Krishna/Downloads/uppromote-sheets-sync-step1/uppromote-sheets-sync-step1/runner.js:5:18","timestamp":"2026-10-02T09:05:15.384Z"}
{"account":"TomHill - Team","level":"debug","message":"Saved Playwright storage state","path":"C:\\Users\\Krishna\\Downloads\\uppromote-sheets-sync-step1\\uppromote-sheets-sync-step1\\playwright-session\\tomhill_team.json","timestamp":"2026-10-02T09:05:15.467Z"}
{"account":"TomHill - Team","level":"warn","message":"Resetting browser session","timestamp":"2026-10-02T09:05:15.467Z"}
{"accountId":"tomhill_sayan","accountName":"TomHill - Sayan","level":"info","message":"Starting account sync","timestamp":"2026-10-02T09:05:16.074Z"}
{"account":"TomHill - Sayan","headless":true,"level":"info","message":"Launching Playwright browser","timestamp":"2026-10-02T09:05:16.074Z"}
{"account":"TomHill - Sayan","level":"info","message":"Browser session ready","reusedStoredSession":true,"timestamp":"2026-10-02T09:05:16.376Z"}
{"html":"logs/challenge-tomhill_sayan-captcha.html","level":"info","message":"Saved challenge evidence","screenshot":"logs/challenge-tomhill_sayan-captcha.png","timestamp":"2026-10-02T09:05:19.538Z"}
{"accountId":"tomhill_sayan","accountName":"TomHill - Sayan","challenge":true,"challengeKind":"captcha","level":"error","message":"Account sync failed Authorized user interaction required: captcha","stack":"AuthChallengeError: Authorized user interaction required: captcha\n    at ensureAuthenticated (file:///C:/Users/Krishna/Downloads/uppromote-sheets-sync-step1/uppromote-sheets-sync-step1/scraper/auth.js:107:11)\n    at async runSync (file:///C:/Users/Krishna/Downloads/uppromote-sheets-sync-step1/uppromote-sheets-sync-step1/sync/syncEngine.js:25:20)\n    at async file:///C:/Users/Krishna/Downloads/uppromote-sheets-sync-step1/uppromote-sheets-sync-step1/runner.js:5:18","timestamp":"2026-10-02T09:05:19.539Z"}
{"account":"TomHill - Sayan","level":"debug","message":"Saved Playwright storage state","path":"C:\\Users\\Krishna\\Downloads\\uppromote-sheets-sync-step1\\uppromote-sheets-sync-step1\\playwright-session\\tomhill_sayan.json","timestamp":"2026-10-02T09:05:19.628Z"}
{"account":"TomHill - Sayan","level":"warn","message":"Resetting browser session","timestamp":"2026-10-02T09:05:19.629Z"}
{"accountId":"tomhill_dilsher","accountName":"TomHill - Dilsher","level":"info","message":"Starting account sync","timestamp":"2026-10-02T09:05:20.226Z"}
{"account":"TomHill - Dilsher","headless":true,"level":"info","message":"Launching Playwright browser","timestamp":"2026-10-02T09:05:20.227Z"}
{"account":"TomHill - Dilsher","level":"info","message":"Browser session ready","reusedStoredSession":true,"timestamp":"2026-10-02T09:05:20.537Z"}
{"level":"info","message":"Login required, submitting authorized credentials","timestamp":"2026-10-02T09:05:22.529Z"}
{"html":"logs/challenge-tomhill_dilsher-captcha.html","level":"info","message":"Saved challenge evidence","screenshot":"logs/challenge-tomhill_dilsher-captcha.png","timestamp":"2026-10-02T09:05:26.420Z"}
{"accountId":"tomhill_dilsher","accountName":"TomHill - Dilsher","challenge":true,"challengeKind":"captcha","level":"error","message":"Account sync failed Authorized user interaction required: captcha","stack":"AuthChallengeError: Authorized user interaction required: captcha\n    at ensureAuthenticated (file:///C:/Users/Krishna/Downloads/uppromote-sheets-sync-step1/uppromote-sheets-sync-step1/scraper/auth.js:146:11)\n    at async runSync (file:///C:/Users/Krishna/Downloads/uppromote-sheets-sync-step1/uppromote-sheets-sync-step1/sync/syncEngine.js:25:20)\n    at async file:///C:/Users/Krishna/Downloads/uppromote-sheets-sync-step1/uppromote-sheets-sync-step1/runner.js:5:18","timestamp":"2026-10-02T09:05:26.420Z"}
{"account":"TomHill - Dilsher","level":"debug","message":"Saved Playwright storage state","path":"C:\\Users\\Krishna\\Downloads\\uppromote-sheets-sync-step1\\uppromote-sheets-sync-step1\\playwright-session\\tomhill_dilsher.json","timestamp":"2026-10-02T09:05:26.505Z"}
{"account":"TomHill - Dilsher","level":"warn","message":"Resetting browser session","timestamp":"2026-10-02T09:05:26.505Z"}
{"accountId":"tomhill_ayush","accountName":"TomHill - Ayush","level":"info","message":"Starting account sync","timestamp":"2026-10-02T09:05:27.109Z"}
{"account":"TomHill - Ayush","headless":true,"level":"info","message":"Launching Playwright browser","timestamp":"2026-10-02T09:05:27.109Z"}
{"account":"TomHill - Ayush","level":"info","message":"Browser session ready","reusedStoredSession":true,"timestamp":"2026-10-02T09:05:27.389Z"}
{"level":"info","message":"Login required, submitting authorized credentials","timestamp":"2026-10-02T09:05:29.081Z"}
{"html":"logs/challenge-tomhill_ayush-captcha.html","level":"info","message":"Saved challenge evidence","screenshot":"logs/challenge-tomhill_ayush-captcha.png","timestamp":"2026-10-02T09:05:32.412Z"}
{"accountId":"tomhill_ayush","accountName":"TomHill - Ayush","challenge":true,"challengeKind":"captcha","level":"error","message":"Account sync failed Authorized user interaction required: captcha","stack":"AuthChallengeError: Authorized user interaction required: captcha\n    at ensureAuthenticated (file:///C:/Users/Krishna/Downloads/uppromote-sheets-sync-step1/uppromote-sheets-sync-step1/scraper/auth.js:146:11)\n    at async runSync (file:///C:/Users/Krishna/Downloads/uppromote-sheets-sync-step1/uppromote-sheets-sync-step1/sync/syncEngine.js:25:20)\n    at async file:///C:/Users/Krishna/Downloads/uppromote-sheets-sync-step1/uppromote-sheets-sync-step1/runner.js:5:18","timestamp":"2026-10-02T09:05:32.413Z"}
{"account":"TomHill - Ayush","level":"debug","message":"Saved Playwright storage state","path":"C:\\Users\\Krishna\\Downloads\\uppromote-sheets-sync-step1\\uppromote-sheets-sync-step1\\playwright-session\\tomhill_ayush.json","timestamp":"2026-10-02T09:05:32.484Z"}
{"account":"TomHill - Ayush","level":"warn","message":"Resetting browser session","timestamp":"2026-10-02T09:05:32.484Z"}
{"accountCount":17,"accounts":[{"accountId":"hypd_dilsher","accountName":"HYPD - Dilsher","challenge":"captcha","message":"Authorized user interaction required: captcha","ok":false},{"accountId":"hypd_aryan","accountName":"HYPD - Aryan","challenge":"captcha","message":"Authorized user interaction required: captcha","ok":false},{"accountId":"hypd_aastha","accountName":"HYPD - Aastha","challenge":"captcha","message":"Authorized user interaction required: captcha","ok":false},{"accountId":"hypd_sayan","accountName":"HYPD - Sayan","challenge":"captcha","message":"Authorized user interaction required: captcha","ok":false},{"accountId":"hypd_ayush","accountName":"HYPD - Ayush","challenge":"captcha","message":"Authorized user interaction required: captcha","ok":false},{"accountId":"hypd_prathmesh","accountName":"HYPD - Prathmesh","challenge":"captcha","message":"Authorized user interaction required: captcha","ok":false},{"accountId":"hypd_team","accountName":"HYPD - Team","challenge":"captcha","message":"Authorized user interaction required: captcha","ok":false},{"accountId":"hypd_reet","accountName":"HYPD - Reet","challenge":"captcha","message":"Authorized user interaction required: captcha","ok":false},{"accountId":"hypd_krishna","accountName":"HYPD - Krishna","challenge":"captcha","message":"Authorized user interaction required: captcha","ok":false},{"accountId":"hypd_sayan_socialnorm","accountName":"HYPD - Sayan (SocialNorm)","challenge":"captcha","message":"Authorized user interaction required: captcha","ok":false},{"accountId":"tomhill_reet","accountName":"TomHill - Reet","challenge":"captcha","message":"Authorized user interaction required: captcha","ok":false},{"accountId":"tomhill_aryan","accountName":"TomHill - Aryan","challenge":"captcha","message":"Authorized user interaction required: captcha","ok":false},{"accountId":"tomhill_krishna","accountName":"TomHill - Krishna","challenge":"captcha","message":"Authorized user interaction required: captcha","ok":false},{"accountId":"tomhill_team","accountName":"TomHill - Team","challenge":"captcha","message":"Authorized user interaction required: captcha","ok":false},{"accountId":"tomhill_sayan","accountName":"TomHill - Sayan","challenge":"captcha","message":"Authorized user interaction required: captcha","ok":false},{"accountId":"tomhill_dilsher","accountName":"TomHill - Dilsher","challenge":"captcha","message":"Authorized user interaction required: captcha","ok":false},{"accountId":"tomhill_ayush","accountName":"TomHill - Ayush","challenge":"captcha","message":"Authorized user interaction required: captcha","ok":false}],"completedAt":"2026-10-02T09:05:33.090Z","durationSeconds":106,"failed":17,"level":"info","message":"Multi-account sync finished","mode":"full","startedAt":"2026-10-02T09:03:46.767Z","succeeded":0,"timestamp":"2026-10-02T09:05:33.090Z"}
{"accountCount":17,"level":"info","message":"Multi-account sync started","mode":"full","startedAt":"2026-10-02T09:09:33.962Z","timestamp":"2026-10-02T09:09:33.964Z"}
{"accountId":"hypd_dilsher","accountName":"HYPD - Dilsher","level":"info","message":"Starting account sync","timestamp":"2026-10-02T09:09:33.966Z"}
{"account":"HYPD - Dilsher","headless":false,"level":"info","message":"Launching Playwright browser","timestamp":"2026-10-02T09:09:33.967Z"}
{"account":"HYPD - Dilsher","level":"info","message":"Browser session ready","reusedStoredSession":true,"timestamp":"2026-10-02T09:09:35.410Z"}
{"level":"info","message":"Login required, submitting authorized credentials","timestamp":"2026-10-02T09:09:37.577Z"}
{"html":"logs/challenge-hypd_dilsher-captcha.html","level":"info","message":"Saved challenge evidence","screenshot":"logs/challenge-hypd_dilsher-captcha.png","timestamp":"2026-10-02T09:09:40.594Z"}
{"level":"info","message":"Waiting up to 300s for you to complete the CAPTCHA challenge in the open browser window...","timestamp":"2026-10-02T09:09:40.595Z"}
{"account":"HYPD - Dilsher","level":"debug","message":"Saved Playwright storage state","path":"C:\\Users\\Krishna\\Downloads\\uppromote-sheets-sync-step1\\uppromote-sheets-sync-step1\\playwright-session\\hypd_dilsher.json","timestamp":"2026-10-02T09:10:15.446Z"}
{"level":"info","message":"Challenge resolved manually, session saved","timestamp":"2026-10-02T09:10:15.446Z"}
{"level":"debug","message":"Set table page length to maximum","timestamp":"2026-10-02T09:10:19.474Z","value":"100"}
{"level":"info","maxRows":100,"message":"Scraped current orders page","rowsFound":25,"timestamp":"2026-10-02T09:10:19.617Z"}
{"accountId":"hypd_dilsher","accountName":"HYPD - Dilsher","challenge":false,"level":"error","message":"Account sync failed Apps Script returned non-JSON response (HTTP 404): <!DOCTYPE html><html lang=\"en\"><head><script nonce=\"ZcHYsnlxnmraPNWfiTMmlA\">window['ppConfig'] = {productName: '26981ed0d57bbad37e728ff58134270c', deleteIsEnforced:  false , sealIsEnforced:  false , heartbeatRate:  0.5 , periodicReportingRateMillis:  60000.0 , disableAllReporting:  false };(function(){'use strict';function k(a){var b=0;return function(){return b<a.length?{done:!1,value:a[b++]}:{done:!0}}}function l(a){var b=typeof Symbol!=\"undefined\"&&Symbol.iterator&&a[Symbol.iterator];if(b)ret","stack":"Error: Apps Script returned non-JSON response (HTTP 404): <!DOCTYPE html><html lang=\"en\"><head><script nonce=\"ZcHYsnlxnmraPNWfiTMmlA\">window['ppConfig'] = {productName: '26981ed0d57bbad37e728ff58134270c', deleteIsEnforced:  false , sealIsEnforced:  false , heartbeatRate:  0.5 , periodicReportingRateMillis:  60000.0 , disableAllReporting:  false };(function(){'use strict';function k(a){var b=0;return function(){return b<a.length?{done:!1,value:a[b++]}:{done:!0}}}function l(a){var b=typeof Symbol!=\"undefined\"&&Symbol.iterator&&a[Symbol.iterator];if(b)ret\n    at postJson (file:///C:/Users/Krishna/Downloads/uppromote-sheets-sync-step1/uppromote-sheets-sync-step1/sheets/writer.js:87:11)\n    at process.processTicksAndRejections (node:internal/process/task_queues:104:5)\n    at async replaceAccountOrders (file:///C:/Users/Krishna/Downloads/uppromote-sheets-sync-step1/uppromote-sheets-sync-step1/sheets/writer.js:105:18)\n    at async runSync (file:///C:/Users/Krishna/Downloads/uppromote-sheets-sync-step1/uppromote-sheets-sync-step1/sync/syncEngine.js:41:29)\n    at async file:///C:/Users/Krishna/Downloads/uppromote-sheets-sync-step1/uppromote-sheets-sync-step1/runner.js:5:18","timestamp":"2026-10-02T09:10:40.216Z"}
{"account":"HYPD - Dilsher","level":"debug","message":"Saved Playwright storage state","path":"C:\\Users\\Krishna\\Downloads\\uppromote-sheets-sync-step1\\uppromote-sheets-sync-step1\\playwright-session\\hypd_dilsher.json","timestamp":"2026-10-02T09:10:40.295Z"}
{"account":"HYPD - Dilsher","level":"warn","message":"Resetting browser session","timestamp":"2026-10-02T09:10:40.296Z"}
{"accountId":"hypd_aryan","accountName":"HYPD - Aryan","level":"info","message":"Starting account sync","timestamp":"2026-10-02T09:10:40.571Z"}
{"account":"HYPD - Aryan","headless":false,"level":"info","message":"Launching Playwright browser","timestamp":"2026-10-02T09:10:40.571Z"}
{"account":"HYPD - Aryan","level":"info","message":"Browser session ready","reusedStoredSession":true,"timestamp":"2026-10-02T09:10:41.191Z"}
{"level":"info","message":"Login required, submitting authorized credentials","timestamp":"2026-10-02T09:10:42.987Z"}
{"html":"logs/challenge-hypd_aryan-captcha.html","level":"info","message":"Saved challenge evidence","screenshot":"logs/challenge-hypd_aryan-captcha.png","timestamp":"2026-10-02T09:10:46.337Z"}
{"level":"info","message":"Waiting up to 300s for you to complete the CAPTCHA challenge in the open browser window...","timestamp":"2026-10-02T09:10:46.337Z"}
{"account":"HYPD - Aryan","level":"debug","message":"Saved Playwright storage state","path":"C:\\Users\\Krishna\\Downloads\\uppromote-sheets-sync-step1\\uppromote-sheets-sync-step1\\playwright-session\\hypd_aryan.json","timestamp":"2026-10-02T09:11:28.826Z"}
{"level":"info","message":"Challenge resolved manually, session saved","timestamp":"2026-10-02T09:11:28.826Z"}
{"level":"debug","message":"Set table page length to maximum","timestamp":"2026-10-02T09:11:32.805Z","value":"100"}
{"level":"info","maxRows":100,"message":"Scraped current orders page","rowsFound":25,"timestamp":"2026-10-02T09:11:32.938Z"}
{"accountId":"hypd_aryan","accountName":"HYPD - Aryan","challenge":false,"level":"error","message":"Account sync failed Apps Script returned non-JSON response (HTTP 404): <!DOCTYPE html><html lang=\"en\"><head><script nonce=\"0bN3pzUdUNOgqf3CEHTayg\">window['ppConfig'] = {productName: '26981ed0d57bbad37e728ff58134270c', deleteIsEnforced:  false , sealIsEnforced:  false , heartbeatRate:  0.5 , periodicReportingRateMillis:  60000.0 , disableAllReporting:  false };(function(){'use strict';function k(a){var b=0;return function(){return b<a.length?{done:!1,value:a[b++]}:{done:!0}}}function l(a){var b=typeof Symbol!=\"undefined\"&&Symbol.iterator&&a[Symbol.iterator];if(b)ret","stack":"Error: Apps Script returned non-JSON response (HTTP 404): <!DOCTYPE html><html lang=\"en\"><head><script nonce=\"0bN3pzUdUNOgqf3CEHTayg\">window['ppConfig'] = {productName: '26981ed0d57bbad37e728ff58134270c', deleteIsEnforced:  false , sealIsEnforced:  false , heartbeatRate:  0.5 , periodicReportingRateMillis:  60000.0 , disableAllReporting:  false };(function(){'use strict';function k(a){var b=0;return function(){return b<a.length?{done:!1,value:a[b++]}:{done:!0}}}function l(a){var b=typeof Symbol!=\"undefined\"&&Symbol.iterator&&a[Symbol.iterator];if(b)ret\n    at postJson (file:///C:/Users/Krishna/Downloads/uppromote-sheets-sync-step1/uppromote-sheets-sync-step1/sheets/writer.js:87:11)\n    at process.processTicksAndRejections (node:internal/process/task_queues:104:5)\n    at async replaceAccountOrders (file:///C:/Users/Krishna/Downloads/uppromote-sheets-sync-step1/uppromote-sheets-sync-step1/sheets/writer.js:105:18)\n    at async runSync (file:///C:/Users/Krishna/Downloads/uppromote-sheets-sync-step1/uppromote-sheets-sync-step1/sync/syncEngine.js:41:29)\n    at async file:///C:/Users/Krishna/Downloads/uppromote-sheets-sync-step1/uppromote-sheets-sync-step1/runner.js:5:18","timestamp":"2026-10-02T09:11:49.044Z"}
{"account":"HYPD - Aryan","level":"debug","message":"Saved Playwright storage state","path":"C:\\Users\\Krishna\\Downloads\\uppromote-sheets-sync-step1\\uppromote-sheets-sync-step1\\playwright-session\\hypd_aryan.json","timestamp":"2026-10-02T09:11:49.128Z"}
{"account":"HYPD - Aryan","level":"warn","message":"Resetting browser session","timestamp":"2026-10-02T09:11:49.129Z"}
{"accountId":"hypd_aastha","accountName":"HYPD - Aastha","level":"info","message":"Starting account sync","timestamp":"2026-10-02T09:11:49.435Z"}
{"account":"HYPD - Aastha","headless":false,"level":"info","message":"Launching Playwright browser","timestamp":"2026-10-02T09:11:49.436Z"}
{"account":"HYPD - Aastha","level":"info","message":"Browser session ready","reusedStoredSession":true,"timestamp":"2026-10-02T09:11:50.006Z"}
{"level":"info","message":"Login required, submitting authorized credentials","timestamp":"2026-10-02T09:11:52.407Z"}
{"html":"logs/challenge-hypd_aastha-captcha.html","level":"info","message":"Saved challenge evidence","screenshot":"logs/challenge-hypd_aastha-captcha.png","timestamp":"2026-10-02T09:11:56.686Z"}
{"level":"info","message":"Waiting up to 300s for you to complete the CAPTCHA challenge in the open browser window...","timestamp":"2026-10-02T09:11:56.687Z"}
{"account":"HYPD - Aastha","level":"debug","message":"Saved Playwright storage state","path":"C:\\Users\\Krishna\\Downloads\\uppromote-sheets-sync-step1\\uppromote-sheets-sync-step1\\playwright-session\\hypd_aastha.json","timestamp":"2026-10-02T09:12:41.337Z"}
{"level":"info","message":"Challenge resolved manually, session saved","timestamp":"2026-10-02T09:12:41.338Z"}
{"level":"debug","message":"Set table page length to maximum","timestamp":"2026-10-02T09:12:48.900Z","value":"100"}
{"level":"info","maxRows":100,"message":"Scraped current orders page","rowsFound":25,"timestamp":"2026-10-02T09:12:48.970Z"}
{"accepted":25,"account":"HYPD - Aastha","finalRowCount":922,"keptOtherAccounts":897,"level":"info","message":"Google Sheets account replacement completed","ok":true,"received":25,"removedOld":0,"timestamp":"2026-10-02T09:12:55.512Z","written":25}
{"accepted":25,"accountId":"hypd_aastha","accountName":"HYPD - Aastha","durationSeconds":66,"finalRowCount":922,"keptOtherAccounts":897,"level":"info","message":"Account sync completed","mode":"full","ok":true,"pagesScraped":1,"paginationComplete":true,"received":25,"records":25,"removedOld":0,"stopReason":"single-page-100-row-mode","timestamp":"2026-10-02T09:12:55.513Z","written":25}
{"account":"HYPD - Aastha","level":"debug","message":"Saved Playwright storage state","path":"C:\\Users\\Krishna\\Downloads\\uppromote-sheets-sync-step1\\uppromote-sheets-sync-step1\\playwright-session\\hypd_aastha.json","timestamp":"2026-10-02T09:12:55.595Z"}
{"account":"HYPD - Aastha","level":"warn","message":"Resetting browser session","timestamp":"2026-10-02T09:12:55.596Z"}
{"accountId":"hypd_sayan","accountName":"HYPD - Sayan","level":"info","message":"Starting account sync","timestamp":"2026-10-02T09:12:55.874Z"}
{"account":"HYPD - Sayan","headless":false,"level":"info","message":"Launching Playwright browser","timestamp":"2026-10-02T09:12:55.874Z"}
{"account":"HYPD - Sayan","level":"info","message":"Browser session ready","reusedStoredSession":true,"timestamp":"2026-10-02T09:12:56.438Z"}
{"html":"logs/challenge-hypd_sayan-captcha.html","level":"info","message":"Saved challenge evidence","screenshot":"logs/challenge-hypd_sayan-captcha.png","timestamp":"2026-10-02T09:12:59.565Z"}
{"level":"info","message":"Waiting up to 300s for you to complete the CAPTCHA challenge in the open browser window...","timestamp":"2026-10-02T09:12:59.566Z"}
{"account":"HYPD - Sayan","level":"debug","message":"Saved Playwright storage state","path":"C:\\Users\\Krishna\\Downloads\\uppromote-sheets-sync-step1\\uppromote-sheets-sync-step1\\playwright-session\\hypd_sayan.json","timestamp":"2026-10-02T09:13:45.224Z"}
{"level":"info","message":"Challenge resolved manually, session saved","timestamp":"2026-10-02T09:13:45.224Z"}
{"level":"debug","message":"Set table page length to maximum","timestamp":"2026-10-02T09:13:57.375Z","value":"100"}
{"level":"info","maxRows":100,"message":"Scraped current orders page","rowsFound":25,"timestamp":"2026-10-02T09:13:57.541Z"}
{"accepted":25,"account":"HYPD - Sayan","finalRowCount":947,"keptOtherAccounts":922,"level":"info","message":"Google Sheets account replacement completed","ok":true,"received":25,"removedOld":0,"timestamp":"2026-10-02T09:14:12.250Z","written":25}
{"accepted":25,"accountId":"hypd_sayan","accountName":"HYPD - Sayan","durationSeconds":76,"finalRowCount":947,"keptOtherAccounts":922,"level":"info","message":"Account sync completed","mode":"full","ok":true,"pagesScraped":1,"paginationComplete":true,"received":25,"records":25,"removedOld":0,"stopReason":"single-page-100-row-mode","timestamp":"2026-10-02T09:14:12.251Z","written":25}
{"account":"HYPD - Sayan","level":"debug","message":"Saved Playwright storage state","path":"C:\\Users\\Krishna\\Downloads\\uppromote-sheets-sync-step1\\uppromote-sheets-sync-step1\\playwright-session\\hypd_sayan.json","timestamp":"2026-10-02T09:14:12.338Z"}
{"account":"HYPD - Sayan","level":"warn","message":"Resetting browser session","timestamp":"2026-10-02T09:14:12.338Z"}
{"accountId":"hypd_ayush","accountName":"HYPD - Ayush","level":"info","message":"Starting account sync","timestamp":"2026-10-02T09:14:12.585Z"}
{"account":"HYPD - Ayush","headless":false,"level":"info","message":"Launching Playwright browser","timestamp":"2026-10-02T09:14:12.585Z"}
{"account":"HYPD - Ayush","level":"info","message":"Browser session ready","reusedStoredSession":true,"timestamp":"2026-10-02T09:14:13.143Z"}
{"level":"info","message":"Login required, submitting authorized credentials","timestamp":"2026-10-02T09:14:14.947Z"}
{"html":"logs/challenge-hypd_ayush-captcha.html","level":"info","message":"Saved challenge evidence","screenshot":"logs/challenge-hypd_ayush-captcha.png","timestamp":"2026-10-02T09:14:18.463Z"}
{"level":"info","message":"Waiting up to 300s for you to complete the CAPTCHA challenge in the open browser window...","timestamp":"2026-10-02T09:14:18.464Z"}
{"account":"HYPD - Ayush","level":"debug","message":"Saved Playwright storage state","path":"C:\\Users\\Krishna\\Downloads\\uppromote-sheets-sync-step1\\uppromote-sheets-sync-step1\\playwright-session\\hypd_ayush.json","timestamp":"2026-10-02T09:15:07.103Z"}
{"level":"info","message":"Challenge resolved manually, session saved","timestamp":"2026-10-02T09:15:07.103Z"}
{"level":"debug","message":"Set table page length to maximum","timestamp":"2026-10-02T09:15:16.692Z","value":"100"}
{"level":"info","maxRows":100,"message":"Scraped current orders page","rowsFound":90,"timestamp":"2026-10-02T09:15:16.995Z"}
{"accepted":90,"account":"HYPD - Ayush","finalRowCount":1037,"keptOtherAccounts":947,"level":"info","message":"Google Sheets account replacement completed","ok":true,"received":90,"removedOld":0,"timestamp":"2026-10-02T09:15:22.882Z","written":90}
{"accepted":90,"accountId":"hypd_ayush","accountName":"HYPD - Ayush","durationSeconds":70,"finalRowCount":1037,"keptOtherAccounts":947,"level":"info","message":"Account sync completed","mode":"full","ok":true,"pagesScraped":1,"paginationComplete":true,"received":90,"records":90,"removedOld":0,"stopReason":"single-page-100-row-mode","timestamp":"2026-10-02T09:15:22.883Z","written":90}
{"account":"HYPD - Ayush","level":"debug","message":"Saved Playwright storage state","path":"C:\\Users\\Krishna\\Downloads\\uppromote-sheets-sync-step1\\uppromote-sheets-sync-step1\\playwright-session\\hypd_ayush.json","timestamp":"2026-10-02T09:15:22.975Z"}
{"account":"HYPD - Ayush","level":"warn","message":"Resetting browser session","timestamp":"2026-10-02T09:15:22.976Z"}
{"accountId":"hypd_prathmesh","accountName":"HYPD - Prathmesh","level":"info","message":"Starting account sync","timestamp":"2026-10-02T09:15:23.255Z"}
{"account":"HYPD - Prathmesh","headless":false,"level":"info","message":"Launching Playwright browser","timestamp":"2026-10-02T09:15:23.256Z"}
{"account":"HYPD - Prathmesh","level":"info","message":"Browser session ready","reusedStoredSession":true,"timestamp":"2026-10-02T09:15:23.847Z"}
{"html":"logs/challenge-hypd_prathmesh-captcha.html","level":"info","message":"Saved challenge evidence","screenshot":"logs/challenge-hypd_prathmesh-captcha.png","timestamp":"2026-10-02T09:15:27.761Z"}
{"level":"info","message":"Waiting up to 300s for you to complete the CAPTCHA challenge in the open browser window...","timestamp":"2026-10-02T09:15:27.761Z"}
{"account":"HYPD - Prathmesh","level":"debug","message":"Saved Playwright storage state","path":"C:\\Users\\Krishna\\Downloads\\uppromote-sheets-sync-step1\\uppromote-sheets-sync-step1\\playwright-session\\hypd_prathmesh.json","timestamp":"2026-10-02T09:17:12.517Z"}
{"level":"info","message":"Challenge resolved manually, session saved","timestamp":"2026-10-02T09:17:12.518Z"}
{"level":"debug","message":"Set table page length to maximum","timestamp":"2026-10-02T09:17:17.778Z","value":"100"}
{"level":"info","maxRows":100,"message":"Scraped current orders page","rowsFound":25,"timestamp":"2026-10-02T09:17:17.938Z"}
{"accepted":25,"account":"HYPD - Prathmesh","finalRowCount":1062,"keptOtherAccounts":1037,"level":"info","message":"Google Sheets account replacement completed","ok":true,"received":25,"removedOld":0,"timestamp":"2026-10-02T09:17:25.091Z","written":25}
{"accepted":25,"accountId":"hypd_prathmesh","accountName":"HYPD - Prathmesh","durationSeconds":122,"finalRowCount":1062,"keptOtherAccounts":1037,"level":"info","message":"Account sync completed","mode":"full","ok":true,"pagesScraped":1,"paginationComplete":true,"received":25,"records":25,"removedOld":0,"stopReason":"single-page-100-row-mode","timestamp":"2026-10-02T09:17:25.091Z","written":25}
{"account":"HYPD - Prathmesh","level":"debug","message":"Saved Playwright storage state","path":"C:\\Users\\Krishna\\Downloads\\uppromote-sheets-sync-step1\\uppromote-sheets-sync-step1\\playwright-session\\hypd_prathmesh.json","timestamp":"2026-10-02T09:17:25.175Z"}
{"account":"HYPD - Prathmesh","level":"warn","message":"Resetting browser session","timestamp":"2026-10-02T09:17:25.176Z"}
{"accountId":"hypd_team","accountName":"HYPD - Team","level":"info","message":"Starting account sync","timestamp":"2026-10-02T09:17:25.479Z"}
{"account":"HYPD - Team","headless":false,"level":"info","message":"Launching Playwright browser","timestamp":"2026-10-02T09:17:25.480Z"}
{"account":"HYPD - Team","level":"info","message":"Browser session ready","reusedStoredSession":true,"timestamp":"2026-10-02T09:17:25.997Z"}
{"html":"logs/challenge-hypd_team-captcha.html","level":"info","message":"Saved challenge evidence","screenshot":"logs/challenge-hypd_team-captcha.png","timestamp":"2026-10-02T09:17:29.957Z"}
{"level":"info","message":"Waiting up to 300s for you to complete the CAPTCHA challenge in the open browser window...","timestamp":"2026-10-02T09:17:29.957Z"}
{"account":"HYPD - Team","level":"debug","message":"Saved Playwright storage state","path":"C:\\Users\\Krishna\\Downloads\\uppromote-sheets-sync-step1\\uppromote-sheets-sync-step1\\playwright-session\\hypd_team.json","timestamp":"2026-10-02T09:18:35.775Z"}
{"level":"info","message":"Challenge resolved manually, session saved","timestamp":"2026-10-02T09:18:35.776Z"}
{"level":"debug","message":"Set table page length to maximum","timestamp":"2026-10-02T09:18:41.934Z","value":"100"}
{"level":"info","maxRows":100,"message":"Scraped current orders page","rowsFound":0,"timestamp":"2026-10-02T09:18:41.955Z"}
{"accountId":"hypd_team","accountName":"HYPD - Team","challenge":false,"level":"error","message":"Account sync failed Refusing to replace account HYPD - Team with an empty dataset","stack":"Error: Refusing to replace account HYPD - Team with an empty dataset\n    at replaceAccountOrders (file:///C:/Users/Krishna/Downloads/uppromote-sheets-sync-step1/uppromote-sheets-sync-step1/sheets/writer.js:101:11)\n    at runSync (file:///C:/Users/Krishna/Downloads/uppromote-sheets-sync-step1/uppromote-sheets-sync-step1/sync/syncEngine.js:41:35)\n    at async file:///C:/Users/Krishna/Downloads/uppromote-sheets-sync-step1/uppromote-sheets-sync-step1/runner.js:5:18","timestamp":"2026-10-02T09:18:41.956Z"}
{"account":"HYPD - Team","level":"debug","message":"Saved Playwright storage state","path":"C:\\Users\\Krishna\\Downloads\\uppromote-sheets-sync-step1\\uppromote-sheets-sync-step1\\playwright-session\\hypd_team.json","timestamp":"2026-10-02T09:18:42.038Z"}
{"account":"HYPD - Team","level":"warn","message":"Resetting browser session","timestamp":"2026-10-02T09:18:42.039Z"}
{"accountId":"hypd_reet","accountName":"HYPD - Reet","level":"info","message":"Starting account sync","timestamp":"2026-10-02T09:18:42.317Z"}
{"account":"HYPD - Reet","headless":false,"level":"info","message":"Launching Playwright browser","timestamp":"2026-10-02T09:18:42.317Z"}
{"account":"HYPD - Reet","level":"info","message":"Browser session ready","reusedStoredSession":true,"timestamp":"2026-10-02T09:18:42.903Z"}
{"level":"info","message":"Login required, submitting authorized credentials","timestamp":"2026-10-02T09:18:44.629Z"}
{"html":"logs/challenge-hypd_reet-captcha.html","level":"info","message":"Saved challenge evidence","screenshot":"logs/challenge-hypd_reet-captcha.png","timestamp":"2026-10-02T09:18:47.683Z"}
{"level":"info","message":"Waiting up to 300s for you to complete the CAPTCHA challenge in the open browser window...","timestamp":"2026-10-02T09:18:47.684Z"}
{"account":"HYPD - Reet","level":"debug","message":"Saved Playwright storage state","path":"C:\\Users\\Krishna\\Downloads\\uppromote-sheets-sync-step1\\uppromote-sheets-sync-step1\\playwright-session\\hypd_reet.json","timestamp":"2026-10-02T09:19:43.184Z"}
{"level":"info","message":"Challenge resolved manually, session saved","timestamp":"2026-10-02T09:19:43.185Z"}
{"level":"debug","message":"Set table page length to maximum","timestamp":"2026-10-02T09:19:57.698Z","value":"100"}
{"level":"info","maxRows":100,"message":"Scraped current orders page","rowsFound":100,"timestamp":"2026-10-02T09:19:58.036Z"}
{"accepted":100,"account":"HYPD - Reet","finalRowCount":1162,"keptOtherAccounts":1062,"level":"info","message":"Google Sheets account replacement completed","ok":true,"received":100,"removedOld":0,"timestamp":"2026-10-02T09:20:02.725Z","written":100}
{"accepted":100,"accountId":"hypd_reet","accountName":"HYPD - Reet","durationSeconds":80,"finalRowCount":1162,"keptOtherAccounts":1062,"level":"info","message":"Account sync completed","mode":"full","ok":true,"pagesScraped":1,"paginationComplete":true,"received":100,"records":100,"removedOld":0,"stopReason":"single-page-100-row-mode","timestamp":"2026-10-02T09:20:02.725Z","written":100}
{"account":"HYPD - Reet","level":"debug","message":"Saved Playwright storage state","path":"C:\\Users\\Krishna\\Downloads\\uppromote-sheets-sync-step1\\uppromote-sheets-sync-step1\\playwright-session\\hypd_reet.json","timestamp":"2026-10-02T09:20:02.801Z"}
{"account":"HYPD - Reet","level":"warn","message":"Resetting browser session","timestamp":"2026-10-02T09:20:02.801Z"}
{"accountId":"hypd_krishna","accountName":"HYPD - Krishna","level":"info","message":"Starting account sync","timestamp":"2026-10-02T09:20:03.084Z"}
{"account":"HYPD - Krishna","headless":false,"level":"info","message":"Launching Playwright browser","timestamp":"2026-10-02T09:20:03.084Z"}
{"account":"HYPD - Krishna","level":"info","message":"Browser session ready","reusedStoredSession":true,"timestamp":"2026-10-02T09:20:03.677Z"}
{"html":"logs/challenge-hypd_krishna-captcha.html","level":"info","message":"Saved challenge evidence","screenshot":"logs/challenge-hypd_krishna-captcha.png","timestamp":"2026-10-02T09:20:06.386Z"}
{"level":"info","message":"Waiting up to 300s for you to complete the CAPTCHA challenge in the open browser window...","timestamp":"2026-10-02T09:20:06.386Z"}
{"account":"HYPD - Krishna","level":"debug","message":"Saved Playwright storage state","path":"C:\\Users\\Krishna\\Downloads\\uppromote-sheets-sync-step1\\uppromote-sheets-sync-step1\\playwright-session\\hypd_krishna.json","timestamp":"2026-10-02T09:20:54.790Z"}
{"level":"info","message":"Challenge resolved manually, session saved","timestamp":"2026-10-02T09:20:54.790Z"}
{"level":"debug","message":"Set table page length to maximum","timestamp":"2026-10-02T09:20:59.261Z","value":"100"}
{"level":"info","maxRows":100,"message":"Scraped current orders page","rowsFound":39,"timestamp":"2026-10-02T09:20:59.374Z"}
{"accepted":39,"account":"HYPD - Krishna","finalRowCount":1201,"keptOtherAccounts":1162,"level":"info","message":"Google Sheets account replacement completed","ok":true,"received":39,"removedOld":0,"timestamp":"2026-10-02T09:21:04.327Z","written":39}
{"accepted":39,"accountId":"hypd_krishna","accountName":"HYPD - Krishna","durationSeconds":61,"finalRowCount":1201,"keptOtherAccounts":1162,"level":"info","message":"Account sync completed","mode":"full","ok":true,"pagesScraped":1,"paginationComplete":true,"received":39,"records":39,"removedOld":0,"stopReason":"single-page-100-row-mode","timestamp":"2026-10-02T09:21:04.327Z","written":39}
{"account":"HYPD - Krishna","level":"debug","message":"Saved Playwright storage state","path":"C:\\Users\\Krishna\\Downloads\\uppromote-sheets-sync-step1\\uppromote-sheets-sync-step1\\playwright-session\\hypd_krishna.json","timestamp":"2026-10-02T09:21:04.410Z"}
{"account":"HYPD - Krishna","level":"warn","message":"Resetting browser session","timestamp":"2026-10-02T09:21:04.410Z"}
{"accountId":"hypd_sayan_socialnorm","accountName":"HYPD - Sayan (SocialNorm)","level":"info","message":"Starting account sync","timestamp":"2026-10-02T09:21:04.661Z"}
{"account":"HYPD - Sayan (SocialNorm)","headless":false,"level":"info","message":"Launching Playwright browser","timestamp":"2026-10-02T09:21:04.661Z"}
{"account":"HYPD - Sayan (SocialNorm)","level":"info","message":"Browser session ready","reusedStoredSession":true,"timestamp":"2026-10-02T09:21:05.220Z"}
{"html":"logs/challenge-hypd_sayan_socialnorm-captcha.html","level":"info","message":"Saved challenge evidence","screenshot":"logs/challenge-hypd_sayan_socialnorm-captcha.png","timestamp":"2026-10-02T09:21:08.179Z"}
{"level":"info","message":"Waiting up to 300s for you to complete the CAPTCHA challenge in the open browser window...","timestamp":"2026-10-02T09:21:08.180Z"}
{"account":"HYPD - Sayan (SocialNorm)","level":"debug","message":"Saved Playwright storage state","path":"C:\\Users\\Krishna\\Downloads\\uppromote-sheets-sync-step1\\uppromote-sheets-sync-step1\\playwright-session\\hypd_sayan_socialnorm.json","timestamp":"2026-10-02T09:21:58.040Z"}
{"level":"info","message":"Challenge resolved manually, session saved","timestamp":"2026-10-02T09:21:58.040Z"}
{"level":"debug","message":"Set table page length to maximum","timestamp":"2026-10-02T09:22:02.079Z","value":"100"}
{"level":"info","maxRows":100,"message":"Scraped current orders page","rowsFound":25,"timestamp":"2026-10-02T09:22:02.193Z"}
{"accountId":"hypd_sayan_socialnorm","accountName":"HYPD - Sayan (SocialNorm)","challenge":false,"level":"error","message":"Account sync failed Apps Script returned non-JSON response (HTTP 404): <!DOCTYPE html><html lang=\"en\"><head><script nonce=\"QFoZ5gV3Gss6PPbD_l-CSA\">window['ppConfig'] = {productName: '26981ed0d57bbad37e728ff58134270c', deleteIsEnforced:  false , sealIsEnforced:  false , heartbeatRate:  0.5 , periodicReportingRateMillis:  60000.0 , disableAllReporting:  false };(function(){'use strict';function k(a){var b=0;return function(){return b<a.length?{done:!1,value:a[b++]}:{done:!0}}}function l(a){var b=typeof Symbol!=\"undefined\"&&Symbol.iterator&&a[Symbol.iterator];if(b)ret","stack":"Error: Apps Script returned non-JSON response (HTTP 404): <!DOCTYPE html><html lang=\"en\"><head><script nonce=\"QFoZ5gV3Gss6PPbD_l-CSA\">window['ppConfig'] = {productName: '26981ed0d57bbad37e728ff58134270c', deleteIsEnforced:  false , sealIsEnforced:  false , heartbeatRate:  0.5 , periodicReportingRateMillis:  60000.0 , disableAllReporting:  false };(function(){'use strict';function k(a){var b=0;return function(){return b<a.length?{done:!1,value:a[b++]}:{done:!0}}}function l(a){var b=typeof Symbol!=\"undefined\"&&Symbol.iterator&&a[Symbol.iterator];if(b)ret\n    at postJson (file:///C:/Users/Krishna/Downloads/uppromote-sheets-sync-step1/uppromote-sheets-sync-step1/sheets/writer.js:87:11)\n    at process.processTicksAndRejections (node:internal/process/task_queues:104:5)\n    at async replaceAccountOrders (file:///C:/Users/Krishna/Downloads/uppromote-sheets-sync-step1/uppromote-sheets-sync-step1/sheets/writer.js:105:18)\n    at async runSync (file:///C:/Users/Krishna/Downloads/uppromote-sheets-sync-step1/uppromote-sheets-sync-step1/sync/syncEngine.js:41:29)\n    at async file:///C:/Users/Krishna/Downloads/uppromote-sheets-sync-step1/uppromote-sheets-sync-step1/runner.js:5:18","timestamp":"2026-10-02T09:22:35.875Z"}
{"account":"HYPD - Sayan (SocialNorm)","level":"debug","message":"Saved Playwright storage state","path":"C:\\Users\\Krishna\\Downloads\\uppromote-sheets-sync-step1\\uppromote-sheets-sync-step1\\playwright-session\\hypd_sayan_socialnorm.json","timestamp":"2026-10-02T09:22:35.986Z"}
{"account":"HYPD - Sayan (SocialNorm)","level":"warn","message":"Resetting browser session","timestamp":"2026-10-02T09:22:35.986Z"}
{"accountId":"tomhill_reet","accountName":"TomHill - Reet","level":"info","message":"Starting account sync","timestamp":"2026-10-02T09:22:36.214Z"}
{"account":"TomHill - Reet","headless":false,"level":"info","message":"Launching Playwright browser","timestamp":"2026-10-02T09:22:36.215Z"}
{"account":"TomHill - Reet","level":"info","message":"Browser session ready","reusedStoredSession":true,"timestamp":"2026-10-02T09:22:36.824Z"}
{"level":"info","message":"Login required, submitting authorized credentials","timestamp":"2026-10-02T09:22:38.541Z"}
{"html":"logs/challenge-tomhill_reet-captcha.html","level":"info","message":"Saved challenge evidence","screenshot":"logs/challenge-tomhill_reet-captcha.png","timestamp":"2026-10-02T09:22:42.058Z"}
{"level":"info","message":"Waiting up to 300s for you to complete the CAPTCHA challenge in the open browser window...","timestamp":"2026-10-02T09:22:42.059Z"}
{"account":"TomHill - Reet","level":"debug","message":"Saved Playwright storage state","path":"C:\\Users\\Krishna\\Downloads\\uppromote-sheets-sync-step1\\uppromote-sheets-sync-step1\\playwright-session\\tomhill_reet.json","timestamp":"2026-10-02T09:23:05.763Z"}
{"level":"info","message":"Challenge resolved manually, session saved","timestamp":"2026-10-02T09:23:05.763Z"}
{"level":"debug","message":"Set table page length to maximum","timestamp":"2026-10-02T09:23:09.743Z","value":"100"}
{"level":"info","maxRows":100,"message":"Scraped current orders page","rowsFound":13,"timestamp":"2026-10-02T09:23:09.782Z"}
{"accepted":13,"account":"TomHill - Reet","finalRowCount":1226,"keptOtherAccounts":1213,"level":"info","message":"Google Sheets account replacement completed","ok":true,"received":13,"removedOld":13,"timestamp":"2026-10-02T09:23:16.838Z","written":13}
{"accepted":13,"accountId":"tomhill_reet","accountName":"TomHill - Reet","durationSeconds":41,"finalRowCount":1226,"keptOtherAccounts":1213,"level":"info","message":"Account sync completed","mode":"full","ok":true,"pagesScraped":1,"paginationComplete":true,"received":13,"records":13,"removedOld":13,"stopReason":"single-page-100-row-mode","timestamp":"2026-10-02T09:23:16.839Z","written":13}
{"account":"TomHill - Reet","level":"debug","message":"Saved Playwright storage state","path":"C:\\Users\\Krishna\\Downloads\\uppromote-sheets-sync-step1\\uppromote-sheets-sync-step1\\playwright-session\\tomhill_reet.json","timestamp":"2026-10-02T09:23:16.922Z"}
{"account":"TomHill - Reet","level":"warn","message":"Resetting browser session","timestamp":"2026-10-02T09:23:16.922Z"}
{"accountId":"tomhill_aryan","accountName":"TomHill - Aryan","level":"info","message":"Starting account sync","timestamp":"2026-10-02T09:23:17.218Z"}
{"account":"TomHill - Aryan","headless":false,"level":"info","message":"Launching Playwright browser","timestamp":"2026-10-02T09:23:17.219Z"}
{"account":"TomHill - Aryan","level":"info","message":"Browser session ready","reusedStoredSession":true,"timestamp":"2026-10-02T09:23:17.815Z"}
{"level":"info","message":"Login required, submitting authorized credentials","timestamp":"2026-10-02T09:23:19.596Z"}
{"html":"logs/challenge-tomhill_aryan-captcha.html","level":"info","message":"Saved challenge evidence","screenshot":"logs/challenge-tomhill_aryan-captcha.png","timestamp":"2026-10-02T09:23:23.514Z"}
{"level":"info","message":"Waiting up to 300s for you to complete the CAPTCHA challenge in the open browser window...","timestamp":"2026-10-02T09:23:23.514Z"}
{"account":"TomHill - Aryan","level":"debug","message":"Saved Playwright storage state","path":"C:\\Users\\Krishna\\Downloads\\uppromote-sheets-sync-step1\\uppromote-sheets-sync-step1\\playwright-session\\tomhill_aryan.json","timestamp":"2026-10-02T09:23:47.610Z"}
{"level":"info","message":"Challenge resolved manually, session saved","timestamp":"2026-10-02T09:23:47.610Z"}
{"level":"debug","message":"Set table page length to maximum","timestamp":"2026-10-02T09:23:51.539Z","value":"100"}
{"level":"info","maxRows":100,"message":"Scraped current orders page","rowsFound":0,"timestamp":"2026-10-02T09:23:51.552Z"}
{"accountId":"tomhill_aryan","accountName":"TomHill - Aryan","challenge":false,"level":"error","message":"Account sync failed Refusing to replace account TomHill - Aryan with an empty dataset","stack":"Error: Refusing to replace account TomHill - Aryan with an empty dataset\n    at replaceAccountOrders (file:///C:/Users/Krishna/Downloads/uppromote-sheets-sync-step1/uppromote-sheets-sync-step1/sheets/writer.js:101:11)\n    at runSync (file:///C:/Users/Krishna/Downloads/uppromote-sheets-sync-step1/uppromote-sheets-sync-step1/sync/syncEngine.js:41:35)\n    at async file:///C:/Users/Krishna/Downloads/uppromote-sheets-sync-step1/uppromote-sheets-sync-step1/runner.js:5:18","timestamp":"2026-10-02T09:23:51.552Z"}
{"account":"TomHill - Aryan","level":"debug","message":"Saved Playwright storage state","path":"C:\\Users\\Krishna\\Downloads\\uppromote-sheets-sync-step1\\uppromote-sheets-sync-step1\\playwright-session\\tomhill_aryan.json","timestamp":"2026-10-02T09:23:51.629Z"}
{"account":"TomHill - Aryan","level":"warn","message":"Resetting browser session","timestamp":"2026-10-02T09:23:51.629Z"}
{"accountId":"tomhill_krishna","accountName":"TomHill - Krishna","level":"info","message":"Starting account sync","timestamp":"2026-10-02T09:23:51.901Z"}
{"account":"TomHill - Krishna","headless":false,"level":"info","message":"Launching Playwright browser","timestamp":"2026-10-02T09:23:51.901Z"}
{"account":"TomHill - Krishna","level":"info","message":"Browser session ready","reusedStoredSession":true,"timestamp":"2026-10-02T09:23:52.507Z"}
{"level":"info","message":"Login required, submitting authorized credentials","timestamp":"2026-10-02T09:23:54.322Z"}
{"html":"logs/challenge-tomhill_krishna-captcha.html","level":"info","message":"Saved challenge evidence","screenshot":"logs/challenge-tomhill_krishna-captcha.png","timestamp":"2026-10-02T09:23:58.241Z"}
{"level":"info","message":"Waiting up to 300s for you to complete the CAPTCHA challenge in the open browser window...","timestamp":"2026-10-02T09:23:58.242Z"}
{"account":"TomHill - Krishna","level":"debug","message":"Saved Playwright storage state","path":"C:\\Users\\Krishna\\Downloads\\uppromote-sheets-sync-step1\\uppromote-sheets-sync-step1\\playwright-session\\tomhill_krishna.json","timestamp":"2026-10-02T09:24:22.195Z"}
{"level":"info","message":"Challenge resolved manually, session saved","timestamp":"2026-10-02T09:24:22.196Z"}
{"level":"debug","message":"Set table page length to maximum","timestamp":"2026-10-02T09:24:26.116Z","value":"100"}
{"level":"info","maxRows":100,"message":"Scraped current orders page","rowsFound":5,"timestamp":"2026-10-02T09:24:26.136Z"}
{"accepted":5,"account":"TomHill - Krishna","finalRowCount":1226,"keptOtherAccounts":1221,"level":"info","message":"Google Sheets account replacement completed","ok":true,"received":5,"removedOld":5,"timestamp":"2026-10-02T09:24:32.669Z","written":5}
{"accepted":5,"accountId":"tomhill_krishna","accountName":"TomHill - Krishna","durationSeconds":41,"finalRowCount":1226,"keptOtherAccounts":1221,"level":"info","message":"Account sync completed","mode":"full","ok":true,"pagesScraped":1,"paginationComplete":true,"received":5,"records":5,"removedOld":5,"stopReason":"single-page-100-row-mode","timestamp":"2026-10-02T09:24:32.670Z","written":5}
{"account":"TomHill - Krishna","level":"debug","message":"Saved Playwright storage state","path":"C:\\Users\\Krishna\\Downloads\\uppromote-sheets-sync-step1\\uppromote-sheets-sync-step1\\playwright-session\\tomhill_krishna.json","timestamp":"2026-10-02T09:24:32.759Z"}
{"account":"TomHill - Krishna","level":"warn","message":"Resetting browser session","timestamp":"2026-10-02T09:24:32.759Z"}
{"accountId":"tomhill_team","accountName":"TomHill - Team","level":"info","message":"Starting account sync","timestamp":"2026-10-02T09:24:33.021Z"}
{"account":"TomHill - Team","headless":false,"level":"info","message":"Launching Playwright browser","timestamp":"2026-10-02T09:24:33.021Z"}
{"account":"TomHill - Team","level":"info","message":"Browser session ready","reusedStoredSession":true,"timestamp":"2026-10-02T09:24:33.640Z"}
{"level":"info","message":"Login required, submitting authorized credentials","timestamp":"2026-10-02T09:24:35.593Z"}
{"html":"logs/challenge-tomhill_team-captcha.html","level":"info","message":"Saved challenge evidence","screenshot":"logs/challenge-tomhill_team-captcha.png","timestamp":"2026-10-02T09:24:39.304Z"}
{"level":"info","message":"Waiting up to 300s for you to complete the CAPTCHA challenge in the open browser window...","timestamp":"2026-10-02T09:24:39.304Z"}
{"account":"TomHill - Team","level":"debug","message":"Saved Playwright storage state","path":"C:\\Users\\Krishna\\Downloads\\uppromote-sheets-sync-step1\\uppromote-sheets-sync-step1\\playwright-session\\tomhill_team.json","timestamp":"2026-10-02T09:25:20.226Z"}
{"level":"info","message":"Challenge resolved manually, session saved","timestamp":"2026-10-02T09:25:20.226Z"}
{"level":"debug","message":"Set table page length to maximum","timestamp":"2026-10-02T09:25:24.011Z","value":"100"}
{"level":"info","maxRows":100,"message":"Scraped current orders page","rowsFound":0,"timestamp":"2026-10-02T09:25:24.031Z"}
{"accountId":"tomhill_team","accountName":"TomHill - Team","challenge":false,"level":"error","message":"Account sync failed Refusing to replace account TomHill - Team with an empty dataset","stack":"Error: Refusing to replace account TomHill - Team with an empty dataset\n    at replaceAccountOrders (file:///C:/Users/Krishna/Downloads/uppromote-sheets-sync-step1/uppromote-sheets-sync-step1/sheets/writer.js:101:11)\n    at runSync (file:///C:/Users/Krishna/Downloads/uppromote-sheets-sync-step1/uppromote-sheets-sync-step1/sync/syncEngine.js:41:35)\n    at async file:///C:/Users/Krishna/Downloads/uppromote-sheets-sync-step1/uppromote-sheets-sync-step1/runner.js:5:18","timestamp":"2026-10-02T09:25:24.031Z"}
{"account":"TomHill - Team","level":"debug","message":"Saved Playwright storage state","path":"C:\\Users\\Krishna\\Downloads\\uppromote-sheets-sync-step1\\uppromote-sheets-sync-step1\\playwright-session\\tomhill_team.json","timestamp":"2026-10-02T09:25:24.111Z"}
{"account":"TomHill - Team","level":"warn","message":"Resetting browser session","timestamp":"2026-10-02T09:25:24.111Z"}
{"accountId":"tomhill_sayan","accountName":"TomHill - Sayan","level":"info","message":"Starting account sync","timestamp":"2026-10-02T09:25:24.397Z"}
{"account":"TomHill - Sayan","headless":false,"level":"info","message":"Launching Playwright browser","timestamp":"2026-10-02T09:25:24.397Z"}
{"account":"TomHill - Sayan","level":"info","message":"Browser session ready","reusedStoredSession":true,"timestamp":"2026-10-02T09:25:25.041Z"}
{"level":"info","message":"Login required, submitting authorized credentials","timestamp":"2026-10-02T09:25:27.024Z"}
{"html":"logs/challenge-tomhill_sayan-captcha.html","level":"info","message":"Saved challenge evidence","screenshot":"logs/challenge-tomhill_sayan-captcha.png","timestamp":"2026-10-02T09:25:30.596Z"}
{"level":"info","message":"Waiting up to 300s for you to complete the CAPTCHA challenge in the open browser window...","timestamp":"2026-10-02T09:25:30.596Z"}
{"account":"TomHill - Sayan","level":"debug","message":"Saved Playwright storage state","path":"C:\\Users\\Krishna\\Downloads\\uppromote-sheets-sync-step1\\uppromote-sheets-sync-step1\\playwright-session\\tomhill_sayan.json","timestamp":"2026-10-02T09:25:55.564Z"}
{"level":"info","message":"Challenge resolved manually, session saved","timestamp":"2026-10-02T09:25:55.565Z"}
{"level":"debug","message":"Set table page length to maximum","timestamp":"2026-10-02T09:25:59.343Z","value":"100"}
{"level":"info","maxRows":100,"message":"Scraped current orders page","rowsFound":0,"timestamp":"2026-10-02T09:25:59.357Z"}
{"accountId":"tomhill_sayan","accountName":"TomHill - Sayan","challenge":false,"level":"error","message":"Account sync failed Refusing to replace account TomHill - Sayan with an empty dataset","stack":"Error: Refusing to replace account TomHill - Sayan with an empty dataset\n    at replaceAccountOrders (file:///C:/Users/Krishna/Downloads/uppromote-sheets-sync-step1/uppromote-sheets-sync-step1/sheets/writer.js:101:11)\n    at runSync (file:///C:/Users/Krishna/Downloads/uppromote-sheets-sync-step1/uppromote-sheets-sync-step1/sync/syncEngine.js:41:35)\n    at async file:///C:/Users/Krishna/Downloads/uppromote-sheets-sync-step1/uppromote-sheets-sync-step1/runner.js:5:18","timestamp":"2026-10-02T09:25:59.357Z"}
{"account":"TomHill - Sayan","level":"debug","message":"Saved Playwright storage state","path":"C:\\Users\\Krishna\\Downloads\\uppromote-sheets-sync-step1\\uppromote-sheets-sync-step1\\playwright-session\\tomhill_sayan.json","timestamp":"2026-10-02T09:25:59.432Z"}
{"account":"TomHill - Sayan","level":"warn","message":"Resetting browser session","timestamp":"2026-10-02T09:25:59.432Z"}
{"accountId":"tomhill_dilsher","accountName":"TomHill - Dilsher","level":"info","message":"Starting account sync","timestamp":"2026-10-02T09:25:59.753Z"}
{"account":"TomHill - Dilsher","headless":false,"level":"info","message":"Launching Playwright browser","timestamp":"2026-10-02T09:25:59.753Z"}
{"account":"TomHill - Dilsher","level":"info","message":"Browser session ready","reusedStoredSession":true,"timestamp":"2026-10-02T09:26:00.352Z"}
{"level":"info","message":"Login required, submitting authorized credentials","timestamp":"2026-10-02T09:26:02.413Z"}
{"html":"logs/challenge-tomhill_dilsher-captcha.html","level":"info","message":"Saved challenge evidence","screenshot":"logs/challenge-tomhill_dilsher-captcha.png","timestamp":"2026-10-02T09:26:05.762Z"}
{"level":"info","message":"Waiting up to 300s for you to complete the CAPTCHA challenge in the open browser window...","timestamp":"2026-10-02T09:26:05.762Z"}
{"account":"TomHill - Dilsher","level":"debug","message":"Saved Playwright storage state","path":"C:\\Users\\Krishna\\Downloads\\uppromote-sheets-sync-step1\\uppromote-sheets-sync-step1\\playwright-session\\tomhill_dilsher.json","timestamp":"2026-10-02T09:26:20.067Z"}
{"level":"info","message":"Challenge resolved manually, session saved","timestamp":"2026-10-02T09:26:20.067Z"}
{"level":"debug","message":"Set table page length to maximum","timestamp":"2026-10-02T09:26:23.872Z","value":"100"}
{"level":"info","maxRows":100,"message":"Scraped current orders page","rowsFound":0,"timestamp":"2026-10-02T09:26:23.892Z"}
{"accountId":"tomhill_dilsher","accountName":"TomHill - Dilsher","challenge":false,"level":"error","message":"Account sync failed Refusing to replace account TomHill - Dilsher with an empty dataset","stack":"Error: Refusing to replace account TomHill - Dilsher with an empty dataset\n    at replaceAccountOrders (file:///C:/Users/Krishna/Downloads/uppromote-sheets-sync-step1/uppromote-sheets-sync-step1/sheets/writer.js:101:11)\n    at runSync (file:///C:/Users/Krishna/Downloads/uppromote-sheets-sync-step1/uppromote-sheets-sync-step1/sync/syncEngine.js:41:35)\n    at async file:///C:/Users/Krishna/Downloads/uppromote-sheets-sync-step1/uppromote-sheets-sync-step1/runner.js:5:18","timestamp":"2026-10-02T09:26:23.893Z"}
{"account":"TomHill - Dilsher","level":"debug","message":"Saved Playwright storage state","path":"C:\\Users\\Krishna\\Downloads\\uppromote-sheets-sync-step1\\uppromote-sheets-sync-step1\\playwright-session\\tomhill_dilsher.json","timestamp":"2026-10-02T09:26:23.968Z"}
{"account":"TomHill - Dilsher","level":"warn","message":"Resetting browser session","timestamp":"2026-10-02T09:26:23.969Z"}
{"accountId":"tomhill_ayush","accountName":"TomHill - Ayush","level":"info","message":"Starting account sync","timestamp":"2026-10-02T09:26:24.257Z"}
{"account":"TomHill - Ayush","headless":false,"level":"info","message":"Launching Playwright browser","timestamp":"2026-10-02T09:26:24.258Z"}
{"account":"TomHill - Ayush","level":"info","message":"Browser session ready","reusedStoredSession":true,"timestamp":"2026-10-02T09:26:24.899Z"}
{"level":"info","message":"Login required, submitting authorized credentials","timestamp":"2026-10-02T09:26:26.584Z"}
{"html":"logs/challenge-tomhill_ayush-captcha.html","level":"info","message":"Saved challenge evidence","screenshot":"logs/challenge-tomhill_ayush-captcha.png","timestamp":"2026-10-02T09:26:30.319Z"}
{"level":"info","message":"Waiting up to 300s for you to complete the CAPTCHA challenge in the open browser window...","timestamp":"2026-10-02T09:26:30.319Z"}
{"account":"TomHill - Ayush","level":"debug","message":"Saved Playwright storage state","path":"C:\\Users\\Krishna\\Downloads\\uppromote-sheets-sync-step1\\uppromote-sheets-sync-step1\\playwright-session\\tomhill_ayush.json","timestamp":"2026-10-02T09:26:52.650Z"}
{"level":"info","message":"Challenge resolved manually, session saved","timestamp":"2026-10-02T09:26:52.651Z"}
{"level":"debug","message":"Set table page length to maximum","timestamp":"2026-10-02T09:27:00.174Z","value":"100"}
{"level":"info","maxRows":100,"message":"Scraped current orders page","rowsFound":0,"timestamp":"2026-10-02T09:27:00.187Z"}
{"accountId":"tomhill_ayush","accountName":"TomHill - Ayush","challenge":false,"level":"error","message":"Account sync failed Refusing to replace account TomHill - Ayush with an empty dataset","stack":"Error: Refusing to replace account TomHill - Ayush with an empty dataset\n    at replaceAccountOrders (file:///C:/Users/Krishna/Downloads/uppromote-sheets-sync-step1/uppromote-sheets-sync-step1/sheets/writer.js:101:11)\n    at runSync (file:///C:/Users/Krishna/Downloads/uppromote-sheets-sync-step1/uppromote-sheets-sync-step1/sync/syncEngine.js:41:35)\n    at async file:///C:/Users/Krishna/Downloads/uppromote-sheets-sync-step1/uppromote-sheets-sync-step1/runner.js:5:18","timestamp":"2026-10-02T09:27:00.188Z"}
{"account":"TomHill - Ayush","level":"debug","message":"Saved Playwright storage state","path":"C:\\Users\\Krishna\\Downloads\\uppromote-sheets-sync-step1\\uppromote-sheets-sync-step1\\playwright-session\\tomhill_ayush.json","timestamp":"2026-10-02T09:27:00.266Z"}
{"account":"TomHill - Ayush","level":"warn","message":"Resetting browser session","timestamp":"2026-10-02T09:27:00.266Z"}
{"accountCount":17,"accounts":[{"accountId":"hypd_dilsher","accountName":"HYPD - Dilsher","challenge":null,"message":"Apps Script returned non-JSON response (HTTP 404): <!DOCTYPE html><html lang=\"en\"><head><script nonce=\"ZcHYsnlxnmraPNWfiTMmlA\">window['ppConfig'] = {productName: '26981ed0d57bbad37e728ff58134270c', deleteIsEnforced:  false , sealIsEnforced:  false , heartbeatRate:  0.5 , periodicReportingRateMillis:  60000.0 , disableAllReporting:  false };(function(){'use strict';function k(a){var b=0;return function(){return b<a.length?{done:!1,value:a[b++]}:{done:!0}}}function l(a){var b=typeof Symbol!=\"undefined\"&&Symbol.iterator&&a[Symbol.iterator];if(b)ret","ok":false},{"accountId":"hypd_aryan","accountName":"HYPD - Aryan","challenge":null,"message":"Apps Script returned non-JSON response (HTTP 404): <!DOCTYPE html><html lang=\"en\"><head><script nonce=\"0bN3pzUdUNOgqf3CEHTayg\">window['ppConfig'] = {productName: '26981ed0d57bbad37e728ff58134270c', deleteIsEnforced:  false , sealIsEnforced:  false , heartbeatRate:  0.5 , periodicReportingRateMillis:  60000.0 , disableAllReporting:  false };(function(){'use strict';function k(a){var b=0;return function(){return b<a.length?{done:!1,value:a[b++]}:{done:!0}}}function l(a){var b=typeof Symbol!=\"undefined\"&&Symbol.iterator&&a[Symbol.iterator];if(b)ret","ok":false},{"accepted":25,"accountId":"hypd_aastha","accountName":"HYPD - Aastha","durationSeconds":66,"finalRowCount":922,"keptOtherAccounts":897,"mode":"full","ok":true,"pagesScraped":1,"paginationComplete":true,"received":25,"records":25,"removedOld":0,"stopReason":"single-page-100-row-mode","written":25},{"accepted":25,"accountId":"hypd_sayan","accountName":"HYPD - Sayan","durationSeconds":76,"finalRowCount":947,"keptOtherAccounts":922,"mode":"full","ok":true,"pagesScraped":1,"paginationComplete":true,"received":25,"records":25,"removedOld":0,"stopReason":"single-page-100-row-mode","written":25},{"accepted":90,"accountId":"hypd_ayush","accountName":"HYPD - Ayush","durationSeconds":70,"finalRowCount":1037,"keptOtherAccounts":947,"mode":"full","ok":true,"pagesScraped":1,"paginationComplete":true,"received":90,"records":90,"removedOld":0,"stopReason":"single-page-100-row-mode","written":90},{"accepted":25,"accountId":"hypd_prathmesh","accountName":"HYPD - Prathmesh","durationSeconds":122,"finalRowCount":1062,"keptOtherAccounts":1037,"mode":"full","ok":true,"pagesScraped":1,"paginationComplete":true,"received":25,"records":25,"removedOld":0,"stopReason":"single-page-100-row-mode","written":25},{"accountId":"hypd_team","accountName":"HYPD - Team","challenge":null,"message":"Refusing to replace account HYPD - Team with an empty dataset","ok":false},{"accepted":100,"accountId":"hypd_reet","accountName":"HYPD - Reet","durationSeconds":80,"finalRowCount":1162,"keptOtherAccounts":1062,"mode":"full","ok":true,"pagesScraped":1,"paginationComplete":true,"received":100,"records":100,"removedOld":0,"stopReason":"single-page-100-row-mode","written":100},{"accepted":39,"accountId":"hypd_krishna","accountName":"HYPD - Krishna","durationSeconds":61,"finalRowCount":1201,"keptOtherAccounts":1162,"mode":"full","ok":true,"pagesScraped":1,"paginationComplete":true,"received":39,"records":39,"removedOld":0,"stopReason":"single-page-100-row-mode","written":39},{"accountId":"hypd_sayan_socialnorm","accountName":"HYPD - Sayan (SocialNorm)","challenge":null,"message":"Apps Script returned non-JSON response (HTTP 404): <!DOCTYPE html><html lang=\"en\"><head><script nonce=\"QFoZ5gV3Gss6PPbD_l-CSA\">window['ppConfig'] = {productName: '26981ed0d57bbad37e728ff58134270c', deleteIsEnforced:  false , sealIsEnforced:  false , heartbeatRate:  0.5 , periodicReportingRateMillis:  60000.0 , disableAllReporting:  false };(function(){'use strict';function k(a){var b=0;return function(){return b<a.length?{done:!1,value:a[b++]}:{done:!0}}}function l(a){var b=typeof Symbol!=\"undefined\"&&Symbol.iterator&&a[Symbol.iterator];if(b)ret","ok":false},{"accepted":13,"accountId":"tomhill_reet","accountName":"TomHill - Reet","durationSeconds":41,"finalRowCount":1226,"keptOtherAccounts":1213,"mode":"full","ok":true,"pagesScraped":1,"paginationComplete":true,"received":13,"records":13,"removedOld":13,"stopReason":"single-page-100-row-mode","written":13},{"accountId":"tomhill_aryan","accountName":"TomHill - Aryan","challenge":null,"message":"Refusing to replace account TomHill - Aryan with an empty dataset","ok":false},{"accepted":5,"accountId":"tomhill_krishna","accountName":"TomHill - Krishna","durationSeconds":41,"finalRowCount":1226,"keptOtherAccounts":1221,"mode":"full","ok":true,"pagesScraped":1,"paginationComplete":true,"received":5,"records":5,"removedOld":5,"stopReason":"single-page-100-row-mode","written":5},{"accountId":"tomhill_team","accountName":"TomHill - Team","challenge":null,"message":"Refusing to replace account TomHill - Team with an empty dataset","ok":false},{"accountId":"tomhill_sayan","accountName":"TomHill - Sayan","challenge":null,"message":"Refusing to replace account TomHill - Sayan with an empty dataset","ok":false},{"accountId":"tomhill_dilsher","accountName":"TomHill - Dilsher","challenge":null,"message":"Refusing to replace account TomHill - Dilsher with an empty dataset","ok":false},{"accountId":"tomhill_ayush","accountName":"TomHill - Ayush","challenge":null,"message":"Refusing to replace account TomHill - Ayush with an empty dataset","ok":false}],"completedAt":"2026-10-02T09:27:00.571Z","durationSeconds":1047,"failed":9,"level":"info","message":"Multi-account sync finished","mode":"full","startedAt":"2026-10-02T09:09:33.962Z","succeeded":8,"timestamp":"2026-10-02T09:27:00.571Z"}
{"accountCount":17,"level":"info","message":"Multi-account sync started","mode":"full","startedAt":"2026-10-02T09:27:26.136Z","timestamp":"2026-10-02T09:27:26.138Z"}
{"accountId":"hypd_dilsher","accountName":"HYPD - Dilsher","level":"info","message":"Starting account sync","timestamp":"2026-10-02T09:27:26.140Z"}
{"account":"HYPD - Dilsher","headless":true,"level":"info","message":"Launching Playwright browser","timestamp":"2026-10-02T09:27:26.141Z"}
{"account":"HYPD - Dilsher","level":"info","message":"Browser session ready","reusedStoredSession":true,"timestamp":"2026-10-02T09:27:26.428Z"}
{"account":"HYPD - Dilsher","level":"info","message":"Already authenticated (reused session)","timestamp":"2026-10-02T09:27:31.542Z"}
{"level":"debug","message":"Set table page length to maximum","timestamp":"2026-10-02T09:27:35.561Z","value":"100"}
{"level":"info","maxRows":100,"message":"Scraped current orders page","rowsFound":100,"timestamp":"2026-10-02T09:27:35.814Z"}
{"accepted":100,"account":"HYPD - Dilsher","finalRowCount":1301,"keptOtherAccounts":1201,"level":"info","message":"Google Sheets account replacement completed","ok":true,"received":100,"removedOld":25,"timestamp":"2026-10-02T09:27:58.469Z","written":100}
{"accepted":100,"accountId":"hypd_dilsher","accountName":"HYPD - Dilsher","durationSeconds":32,"finalRowCount":1301,"keptOtherAccounts":1201,"level":"info","message":"Account sync completed","mode":"full","ok":true,"pagesScraped":1,"paginationComplete":true,"received":100,"records":100,"removedOld":25,"stopReason":"single-page-100-row-mode","timestamp":"2026-10-02T09:27:58.470Z","written":100}
{"account":"HYPD - Dilsher","level":"debug","message":"Saved Playwright storage state","path":"C:\\Users\\Krishna\\Downloads\\uppromote-sheets-sync-step1\\uppromote-sheets-sync-step1\\playwright-session\\hypd_dilsher.json","timestamp":"2026-10-02T09:27:58.544Z"}
{"account":"HYPD - Dilsher","level":"warn","message":"Resetting browser session","timestamp":"2026-10-02T09:27:58.544Z"}
{"accountId":"hypd_aryan","accountName":"HYPD - Aryan","level":"info","message":"Starting account sync","timestamp":"2026-10-02T09:28:00.161Z"}
{"account":"HYPD - Aryan","headless":true,"level":"info","message":"Launching Playwright browser","timestamp":"2026-10-02T09:28:00.161Z"}
{"account":"HYPD - Aryan","level":"info","message":"Browser session ready","reusedStoredSession":true,"timestamp":"2026-10-02T09:28:00.435Z"}
{"account":"HYPD - Aryan","level":"info","message":"Already authenticated (reused session)","timestamp":"2026-10-02T09:28:02.841Z"}
{"level":"debug","message":"Set table page length to maximum","timestamp":"2026-10-02T09:28:06.872Z","value":"100"}
{"level":"info","maxRows":100,"message":"Scraped current orders page","rowsFound":25,"timestamp":"2026-10-02T09:28:06.948Z"}
{"accepted":25,"account":"HYPD - Aryan","finalRowCount":1301,"keptOtherAccounts":1276,"level":"info","message":"Google Sheets account replacement completed","ok":true,"received":25,"removedOld":25,"timestamp":"2026-10-02T09:28:21.113Z","written":25}
{"accepted":25,"accountId":"hypd_aryan","accountName":"HYPD - Aryan","durationSeconds":21,"finalRowCount":1301,"keptOtherAccounts":1276,"level":"info","message":"Account sync completed","mode":"full","ok":true,"pagesScraped":1,"paginationComplete":true,"received":25,"records":25,"removedOld":25,"stopReason":"single-page-100-row-mode","timestamp":"2026-10-02T09:28:21.114Z","written":25}
{"account":"HYPD - Aryan","level":"debug","message":"Saved Playwright storage state","path":"C:\\Users\\Krishna\\Downloads\\uppromote-sheets-sync-step1\\uppromote-sheets-sync-step1\\playwright-session\\hypd_aryan.json","timestamp":"2026-10-02T09:28:21.184Z"}
{"account":"HYPD - Aryan","level":"warn","message":"Resetting browser session","timestamp":"2026-10-02T09:28:21.184Z"}
{"accountId":"hypd_aastha","accountName":"HYPD - Aastha","level":"info","message":"Starting account sync","timestamp":"2026-10-02T09:28:22.795Z"}
{"account":"HYPD - Aastha","headless":true,"level":"info","message":"Launching Playwright browser","timestamp":"2026-10-02T09:28:22.795Z"}
{"account":"HYPD - Aastha","level":"info","message":"Browser session ready","reusedStoredSession":true,"timestamp":"2026-10-02T09:28:23.075Z"}
{"account":"HYPD - Aastha","level":"info","message":"Already authenticated (reused session)","timestamp":"2026-10-02T09:28:25.507Z"}
{"level":"debug","message":"Set table page length to maximum","timestamp":"2026-10-02T09:28:29.711Z","value":"100"}
{"level":"info","maxRows":100,"message":"Scraped current orders page","rowsFound":100,"timestamp":"2026-10-02T09:28:30.140Z"}
{"accepted":97,"account":"HYPD - Aastha","finalRowCount":1373,"keptOtherAccounts":1276,"level":"info","message":"Google Sheets account replacement completed","ok":true,"received":100,"removedOld":25,"timestamp":"2026-10-02T09:28:38.555Z","written":97}
{"accepted":97,"accountId":"hypd_aastha","accountName":"HYPD - Aastha","durationSeconds":16,"finalRowCount":1373,"keptOtherAccounts":1276,"level":"info","message":"Account sync completed","mode":"full","ok":true,"pagesScraped":1,"paginationComplete":true,"received":100,"records":100,"removedOld":25,"stopReason":"single-page-100-row-mode","timestamp":"2026-10-02T09:28:38.556Z","written":97}
{"account":"HYPD - Aastha","level":"debug","message":"Saved Playwright storage state","path":"C:\\Users\\Krishna\\Downloads\\uppromote-sheets-sync-step1\\uppromote-sheets-sync-step1\\playwright-session\\hypd_aastha.json","timestamp":"2026-10-02T09:28:38.627Z"}
{"account":"HYPD - Aastha","level":"warn","message":"Resetting browser session","timestamp":"2026-10-02T09:28:38.627Z"}
{"accountId":"hypd_sayan","accountName":"HYPD - Sayan","level":"info","message":"Starting account sync","timestamp":"2026-10-02T09:28:40.239Z"}
{"account":"HYPD - Sayan","headless":true,"level":"info","message":"Launching Playwright browser","timestamp":"2026-10-02T09:28:40.239Z"}
{"account":"HYPD - Sayan","level":"info","message":"Browser session ready","reusedStoredSession":true,"timestamp":"2026-10-02T09:28:40.511Z"}
{"account":"HYPD - Sayan","level":"info","message":"Already authenticated (reused session)","timestamp":"2026-10-02T09:28:42.976Z"}
{"level":"debug","message":"Set table page length to maximum","timestamp":"2026-10-02T09:28:46.089Z","value":"100"}
{"level":"info","maxRows":100,"message":"Scraped current orders page","rowsFound":100,"timestamp":"2026-10-02T09:28:46.458Z"}
{"accepted":100,"account":"HYPD - Sayan","finalRowCount":1448,"keptOtherAccounts":1348,"level":"info","message":"Google Sheets account replacement completed","ok":true,"received":100,"removedOld":25,"timestamp":"2026-10-02T09:28:53.916Z","written":100}
{"accepted":100,"accountId":"hypd_sayan","accountName":"HYPD - Sayan","durationSeconds":14,"finalRowCount":1448,"keptOtherAccounts":1348,"level":"info","message":"Account sync completed","mode":"full","ok":true,"pagesScraped":1,"paginationComplete":true,"received":100,"records":100,"removedOld":25,"stopReason":"single-page-100-row-mode","timestamp":"2026-10-02T09:28:53.917Z","written":100}
{"account":"HYPD - Sayan","level":"debug","message":"Saved Playwright storage state","path":"C:\\Users\\Krishna\\Downloads\\uppromote-sheets-sync-step1\\uppromote-sheets-sync-step1\\playwright-session\\hypd_sayan.json","timestamp":"2026-10-02T09:28:53.996Z"}
{"account":"HYPD - Sayan","level":"warn","message":"Resetting browser session","timestamp":"2026-10-02T09:28:53.997Z"}
{"accountId":"hypd_ayush","accountName":"HYPD - Ayush","level":"info","message":"Starting account sync","timestamp":"2026-10-02T09:28:55.605Z"}
{"account":"HYPD - Ayush","headless":true,"level":"info","message":"Launching Playwright browser","timestamp":"2026-10-02T09:28:55.605Z"}
{"account":"HYPD - Ayush","level":"info","message":"Browser session ready","reusedStoredSession":true,"timestamp":"2026-10-02T09:28:55.871Z"}
{"account":"HYPD - Ayush","level":"info","message":"Already authenticated (reused session)","timestamp":"2026-10-02T09:28:58.390Z"}
{"level":"debug","message":"Set table page length to maximum","timestamp":"2026-10-02T09:29:02.477Z","value":"100"}
{"level":"info","maxRows":100,"message":"Scraped current orders page","rowsFound":25,"timestamp":"2026-10-02T09:29:02.710Z"}
{"accepted":25,"account":"HYPD - Ayush","finalRowCount":1383,"keptOtherAccounts":1358,"level":"info","message":"Google Sheets account replacement completed","ok":true,"received":25,"removedOld":90,"timestamp":"2026-10-02T09:29:20.112Z","written":25}
{"accepted":25,"accountId":"hypd_ayush","accountName":"HYPD - Ayush","durationSeconds":25,"finalRowCount":1383,"keptOtherAccounts":1358,"level":"info","message":"Account sync completed","mode":"full","ok":true,"pagesScraped":1,"paginationComplete":true,"received":25,"records":25,"removedOld":90,"stopReason":"single-page-100-row-mode","timestamp":"2026-10-02T09:29:20.112Z","written":25}
{"account":"HYPD - Ayush","level":"debug","message":"Saved Playwright storage state","path":"C:\\Users\\Krishna\\Downloads\\uppromote-sheets-sync-step1\\uppromote-sheets-sync-step1\\playwright-session\\hypd_ayush.json","timestamp":"2026-10-02T09:29:20.183Z"}
{"account":"HYPD - Ayush","level":"warn","message":"Resetting browser session","timestamp":"2026-10-02T09:29:20.183Z"}
{"accountId":"hypd_prathmesh","accountName":"HYPD - Prathmesh","level":"info","message":"Starting account sync","timestamp":"2026-10-02T09:29:21.794Z"}
{"account":"HYPD - Prathmesh","headless":true,"level":"info","message":"Launching Playwright browser","timestamp":"2026-10-02T09:29:21.795Z"}
{"account":"HYPD - Prathmesh","level":"info","message":"Browser session ready","reusedStoredSession":true,"timestamp":"2026-10-02T09:29:22.074Z"}
{"account":"HYPD - Prathmesh","level":"info","message":"Already authenticated (reused session)","timestamp":"2026-10-02T09:29:24.563Z"}
{"level":"debug","message":"Set table page length to maximum","timestamp":"2026-10-02T09:29:28.526Z","value":"100"}
{"level":"info","maxRows":100,"message":"Scraped current orders page","rowsFound":78,"timestamp":"2026-10-02T09:29:28.852Z"}
{"accepted":78,"account":"HYPD - Prathmesh","finalRowCount":1436,"keptOtherAccounts":1358,"level":"info","message":"Google Sheets account replacement completed","ok":true,"received":78,"removedOld":25,"timestamp":"2026-10-02T09:29:37.263Z","written":78}
{"accepted":78,"accountId":"hypd_prathmesh","accountName":"HYPD - Prathmesh","durationSeconds":15,"finalRowCount":1436,"keptOtherAccounts":1358,"level":"info","message":"Account sync completed","mode":"full","ok":true,"pagesScraped":1,"paginationComplete":true,"received":78,"records":78,"removedOld":25,"stopReason":"single-page-100-row-mode","timestamp":"2026-10-02T09:29:37.263Z","written":78}
{"account":"HYPD - Prathmesh","level":"debug","message":"Saved Playwright storage state","path":"C:\\Users\\Krishna\\Downloads\\uppromote-sheets-sync-step1\\uppromote-sheets-sync-step1\\playwright-session\\hypd_prathmesh.json","timestamp":"2026-10-02T09:29:37.351Z"}
{"account":"HYPD - Prathmesh","level":"warn","message":"Resetting browser session","timestamp":"2026-10-02T09:29:37.351Z"}
{"accountId":"hypd_team","accountName":"HYPD - Team","level":"info","message":"Starting account sync","timestamp":"2026-10-02T09:29:38.990Z"}
{"account":"HYPD - Team","headless":true,"level":"info","message":"Launching Playwright browser","timestamp":"2026-10-02T09:29:38.991Z"}
{"account":"HYPD - Team","level":"info","message":"Browser session ready","reusedStoredSession":true,"timestamp":"2026-10-02T09:29:39.403Z"}
{"account":"HYPD - Team","level":"info","message":"Already authenticated (reused session)","timestamp":"2026-10-02T09:29:41.889Z"}
{"level":"debug","message":"Set table page length to maximum","timestamp":"2026-10-02T09:29:45.030Z","value":"100"}
{"level":"info","maxRows":100,"message":"Scraped current orders page","rowsFound":0,"timestamp":"2026-10-02T09:29:45.044Z"}
{"accountId":"hypd_team","accountName":"HYPD - Team","challenge":false,"level":"error","message":"Account sync failed Refusing to replace account HYPD - Team with an empty dataset","stack":"Error: Refusing to replace account HYPD - Team with an empty dataset\n    at replaceAccountOrders (file:///C:/Users/Krishna/Downloads/uppromote-sheets-sync-step1/uppromote-sheets-sync-step1/sheets/writer.js:101:11)\n    at runSync (file:///C:/Users/Krishna/Downloads/uppromote-sheets-sync-step1/uppromote-sheets-sync-step1/sync/syncEngine.js:41:35)\n    at async file:///C:/Users/Krishna/Downloads/uppromote-sheets-sync-step1/uppromote-sheets-sync-step1/runner.js:5:18","timestamp":"2026-10-02T09:29:45.045Z"}
{"account":"HYPD - Team","level":"debug","message":"Saved Playwright storage state","path":"C:\\Users\\Krishna\\Downloads\\uppromote-sheets-sync-step1\\uppromote-sheets-sync-step1\\playwright-session\\hypd_team.json","timestamp":"2026-10-02T09:29:45.109Z"}
{"account":"HYPD - Team","level":"warn","message":"Resetting browser session","timestamp":"2026-10-02T09:29:45.109Z"}
{"accountId":"hypd_reet","accountName":"HYPD - Reet","level":"info","message":"Starting account sync","timestamp":"2026-10-02T09:29:45.751Z"}
{"account":"HYPD - Reet","headless":true,"level":"info","message":"Launching Playwright browser","timestamp":"2026-10-02T09:29:45.752Z"}
{"account":"HYPD - Reet","level":"info","message":"Browser session ready","reusedStoredSession":true,"timestamp":"2026-10-02T09:29:46.020Z"}
{"account":"HYPD - Reet","level":"info","message":"Already authenticated (reused session)","timestamp":"2026-10-02T09:29:48.554Z"}
{"level":"debug","message":"Set table page length to maximum","timestamp":"2026-10-02T09:29:52.424Z","value":"100"}
{"level":"info","maxRows":100,"message":"Scraped current orders page","rowsFound":100,"timestamp":"2026-10-02T09:29:52.856Z"}
{"accepted":100,"account":"HYPD - Reet","finalRowCount":1436,"keptOtherAccounts":1336,"level":"info","message":"Google Sheets account replacement completed","ok":true,"received":100,"removedOld":100,"timestamp":"2026-10-02T09:30:06.514Z","written":100}
{"accepted":100,"accountId":"hypd_reet","accountName":"HYPD - Reet","durationSeconds":21,"finalRowCount":1436,"keptOtherAccounts":1336,"level":"info","message":"Account sync completed","mode":"full","ok":true,"pagesScraped":1,"paginationComplete":true,"received":100,"records":100,"removedOld":100,"stopReason":"single-page-100-row-mode","timestamp":"2026-10-02T09:30:06.515Z","written":100}
{"account":"HYPD - Reet","level":"debug","message":"Saved Playwright storage state","path":"C:\\Users\\Krishna\\Downloads\\uppromote-sheets-sync-step1\\uppromote-sheets-sync-step1\\playwright-session\\hypd_reet.json","timestamp":"2026-10-02T09:30:06.579Z"}
{"account":"HYPD - Reet","level":"warn","message":"Resetting browser session","timestamp":"2026-10-02T09:30:06.579Z"}
{"accountId":"hypd_krishna","accountName":"HYPD - Krishna","level":"info","message":"Starting account sync","timestamp":"2026-10-02T09:30:08.183Z"}
{"account":"HYPD - Krishna","headless":true,"level":"info","message":"Launching Playwright browser","timestamp":"2026-10-02T09:30:08.183Z"}
{"account":"HYPD - Krishna","level":"info","message":"Browser session ready","reusedStoredSession":true,"timestamp":"2026-10-02T09:30:08.457Z"}
{"account":"HYPD - Krishna","level":"info","message":"Already authenticated (reused session)","timestamp":"2026-10-02T09:30:10.989Z"}
{"level":"debug","message":"Set table page length to maximum","timestamp":"2026-10-02T09:30:14.094Z","value":"100"}
{"level":"info","maxRows":100,"message":"Scraped current orders page","rowsFound":39,"timestamp":"2026-10-02T09:30:14.213Z"}
{"accepted":39,"account":"HYPD - Krishna","finalRowCount":1436,"keptOtherAccounts":1397,"level":"info","message":"Google Sheets account replacement completed","ok":true,"received":39,"removedOld":39,"timestamp":"2026-10-02T09:30:23.490Z","written":39}
{"accepted":39,"accountId":"hypd_krishna","accountName":"HYPD - Krishna","durationSeconds":15,"finalRowCount":1436,"keptOtherAccounts":1397,"level":"info","message":"Account sync completed","mode":"full","ok":true,"pagesScraped":1,"paginationComplete":true,"received":39,"records":39,"removedOld":39,"stopReason":"single-page-100-row-mode","timestamp":"2026-10-02T09:30:23.491Z","written":39}
{"account":"HYPD - Krishna","level":"debug","message":"Saved Playwright storage state","path":"C:\\Users\\Krishna\\Downloads\\uppromote-sheets-sync-step1\\uppromote-sheets-sync-step1\\playwright-session\\hypd_krishna.json","timestamp":"2026-10-02T09:30:23.554Z"}
{"account":"HYPD - Krishna","level":"warn","message":"Resetting browser session","timestamp":"2026-10-02T09:30:23.555Z"}
{"accountId":"hypd_sayan_socialnorm","accountName":"HYPD - Sayan (SocialNorm)","level":"info","message":"Starting account sync","timestamp":"2026-10-02T09:30:25.157Z"}
{"account":"HYPD - Sayan (SocialNorm)","headless":true,"level":"info","message":"Launching Playwright browser","timestamp":"2026-10-02T09:30:25.157Z"}
{"account":"HYPD - Sayan (SocialNorm)","level":"info","message":"Browser session ready","reusedStoredSession":true,"timestamp":"2026-10-02T09:30:25.408Z"}
{"account":"HYPD - Sayan (SocialNorm)","level":"info","message":"Already authenticated (reused session)","timestamp":"2026-10-02T09:30:27.894Z"}
{"level":"debug","message":"Set table page length to maximum","timestamp":"2026-10-02T09:30:31.831Z","value":"100"}
{"level":"info","maxRows":100,"message":"Scraped current orders page","rowsFound":26,"timestamp":"2026-10-02T09:30:31.952Z"}
{"accepted":26,"account":"HYPD - Sayan (SocialNorm)","finalRowCount":1437,"keptOtherAccounts":1411,"level":"info","message":"Google Sheets account replacement completed","ok":true,"received":26,"removedOld":25,"timestamp":"2026-10-02T09:30:46.236Z","written":26}
{"accepted":26,"accountId":"hypd_sayan_socialnorm","accountName":"HYPD - Sayan (SocialNorm)","durationSeconds":21,"finalRowCount":1437,"keptOtherAccounts":1411,"level":"info","message":"Account sync completed","mode":"full","ok":true,"pagesScraped":1,"paginationComplete":true,"received":26,"records":26,"removedOld":25,"stopReason":"single-page-100-row-mode","timestamp":"2026-10-02T09:30:46.237Z","written":26}
{"account":"HYPD - Sayan (SocialNorm)","level":"debug","message":"Saved Playwright storage state","path":"C:\\Users\\Krishna\\Downloads\\uppromote-sheets-sync-step1\\uppromote-sheets-sync-step1\\playwright-session\\hypd_sayan_socialnorm.json","timestamp":"2026-10-02T09:30:46.313Z"}
{"account":"HYPD - Sayan (SocialNorm)","level":"warn","message":"Resetting browser session","timestamp":"2026-10-02T09:30:46.314Z"}
{"accountId":"tomhill_reet","accountName":"TomHill - Reet","level":"info","message":"Starting account sync","timestamp":"2026-10-02T09:30:47.918Z"}
{"account":"TomHill - Reet","headless":true,"level":"info","message":"Launching Playwright browser","timestamp":"2026-10-02T09:30:47.919Z"}
{"account":"TomHill - Reet","level":"info","message":"Browser session ready","reusedStoredSession":true,"timestamp":"2026-10-02T09:30:48.174Z"}
{"account":"TomHill - Reet","level":"info","message":"Already authenticated (reused session)","timestamp":"2026-10-02T09:30:50.729Z"}
{"level":"debug","message":"Set table page length to maximum","timestamp":"2026-10-02T09:30:54.723Z","value":"100"}
{"level":"info","maxRows":100,"message":"Scraped current orders page","rowsFound":13,"timestamp":"2026-10-02T09:30:54.778Z"}
{"accepted":13,"account":"TomHill - Reet","finalRowCount":1437,"keptOtherAccounts":1424,"level":"info","message":"Google Sheets account replacement completed","ok":true,"received":13,"removedOld":13,"timestamp":"2026-10-02T09:31:02.394Z","written":13}
{"accepted":13,"accountId":"tomhill_reet","accountName":"TomHill - Reet","durationSeconds":14,"finalRowCount":1437,"keptOtherAccounts":1424,"level":"info","message":"Account sync completed","mode":"full","ok":true,"pagesScraped":1,"paginationComplete":true,"received":13,"records":13,"removedOld":13,"stopReason":"single-page-100-row-mode","timestamp":"2026-10-02T09:31:02.395Z","written":13}
{"account":"TomHill - Reet","level":"debug","message":"Saved Playwright storage state","path":"C:\\Users\\Krishna\\Downloads\\uppromote-sheets-sync-step1\\uppromote-sheets-sync-step1\\playwright-session\\tomhill_reet.json","timestamp":"2026-10-02T09:31:02.470Z"}
{"account":"TomHill - Reet","level":"warn","message":"Resetting browser session","timestamp":"2026-10-02T09:31:02.471Z"}
{"accountId":"tomhill_aryan","accountName":"TomHill - Aryan","level":"info","message":"Starting account sync","timestamp":"2026-10-02T09:31:04.075Z"}
{"account":"TomHill - Aryan","headless":true,"level":"info","message":"Launching Playwright browser","timestamp":"2026-10-02T09:31:04.075Z"}
{"account":"TomHill - Aryan","level":"info","message":"Browser session ready","reusedStoredSession":true,"timestamp":"2026-10-02T09:31:04.330Z"}
{"account":"TomHill - Aryan","level":"info","message":"Already authenticated (reused session)","timestamp":"2026-10-02T09:31:06.789Z"}
{"level":"debug","message":"Set table page length to maximum","timestamp":"2026-10-02T09:31:09.885Z","value":"100"}
{"level":"info","maxRows":100,"message":"Scraped current orders page","rowsFound":0,"timestamp":"2026-10-02T09:31:09.900Z"}
{"accountId":"tomhill_aryan","accountName":"TomHill - Aryan","challenge":false,"level":"error","message":"Account sync failed Refusing to replace account TomHill - Aryan with an empty dataset","stack":"Error: Refusing to replace account TomHill - Aryan with an empty dataset\n    at replaceAccountOrders (file:///C:/Users/Krishna/Downloads/uppromote-sheets-sync-step1/uppromote-sheets-sync-step1/sheets/writer.js:101:11)\n    at runSync (file:///C:/Users/Krishna/Downloads/uppromote-sheets-sync-step1/uppromote-sheets-sync-step1/sync/syncEngine.js:41:35)\n    at async file:///C:/Users/Krishna/Downloads/uppromote-sheets-sync-step1/uppromote-sheets-sync-step1/runner.js:5:18","timestamp":"2026-10-02T09:31:09.900Z"}
{"account":"TomHill - Aryan","level":"debug","message":"Saved Playwright storage state","path":"C:\\Users\\Krishna\\Downloads\\uppromote-sheets-sync-step1\\uppromote-sheets-sync-step1\\playwright-session\\tomhill_aryan.json","timestamp":"2026-10-02T09:31:09.987Z"}
{"account":"TomHill - Aryan","level":"warn","message":"Resetting browser session","timestamp":"2026-10-02T09:31:09.987Z"}
{"accountId":"tomhill_krishna","accountName":"TomHill - Krishna","level":"info","message":"Starting account sync","timestamp":"2026-10-02T09:31:10.633Z"}
{"account":"TomHill - Krishna","headless":true,"level":"info","message":"Launching Playwright browser","timestamp":"2026-10-02T09:31:10.633Z"}
{"account":"TomHill - Krishna","level":"info","message":"Browser session ready","reusedStoredSession":true,"timestamp":"2026-10-02T09:31:11.077Z"}
{"account":"TomHill - Krishna","level":"info","message":"Already authenticated (reused session)","timestamp":"2026-10-02T09:31:13.645Z"}
{"level":"debug","message":"Set table page length to maximum","timestamp":"2026-10-02T09:31:18.655Z","value":"100"}
{"level":"info","maxRows":100,"message":"Scraped current orders page","rowsFound":5,"timestamp":"2026-10-02T09:31:18.687Z"}
{"accepted":5,"account":"TomHill - Krishna","finalRowCount":1437,"keptOtherAccounts":1432,"level":"info","message":"Google Sheets account replacement completed","ok":true,"received":5,"removedOld":5,"timestamp":"2026-10-02T09:31:38.608Z","written":5}
{"accepted":5,"accountId":"tomhill_krishna","accountName":"TomHill - Krishna","durationSeconds":28,"finalRowCount":1437,"keptOtherAccounts":1432,"level":"info","message":"Account sync completed","mode":"full","ok":true,"pagesScraped":1,"paginationComplete":true,"received":5,"records":5,"removedOld":5,"stopReason":"single-page-100-row-mode","timestamp":"2026-10-02T09:31:38.608Z","written":5}
{"account":"TomHill - Krishna","level":"debug","message":"Saved Playwright storage state","path":"C:\\Users\\Krishna\\Downloads\\uppromote-sheets-sync-step1\\uppromote-sheets-sync-step1\\playwright-session\\tomhill_krishna.json","timestamp":"2026-10-02T09:31:38.673Z"}
{"account":"TomHill - Krishna","level":"warn","message":"Resetting browser session","timestamp":"2026-10-02T09:31:38.673Z"}
{"accountId":"tomhill_team","accountName":"TomHill - Team","level":"info","message":"Starting account sync","timestamp":"2026-10-02T09:31:40.284Z"}
{"account":"TomHill - Team","headless":true,"level":"info","message":"Launching Playwright browser","timestamp":"2026-10-02T09:31:40.284Z"}
{"account":"TomHill - Team","level":"info","message":"Browser session ready","reusedStoredSession":true,"timestamp":"2026-10-02T09:31:40.607Z"}
{"account":"TomHill - Team","level":"info","message":"Already authenticated (reused session)","timestamp":"2026-10-02T09:31:43.285Z"}
{"level":"debug","message":"Set table page length to maximum","timestamp":"2026-10-02T09:31:47.301Z","value":"100"}
{"level":"info","maxRows":100,"message":"Scraped current orders page","rowsFound":0,"timestamp":"2026-10-02T09:31:47.320Z"}
{"accountId":"tomhill_team","accountName":"TomHill - Team","challenge":false,"level":"error","message":"Account sync failed Refusing to replace account TomHill - Team with an empty dataset","stack":"Error: Refusing to replace account TomHill - Team with an empty dataset\n    at replaceAccountOrders (file:///C:/Users/Krishna/Downloads/uppromote-sheets-sync-step1/uppromote-sheets-sync-step1/sheets/writer.js:101:11)\n    at runSync (file:///C:/Users/Krishna/Downloads/uppromote-sheets-sync-step1/uppromote-sheets-sync-step1/sync/syncEngine.js:41:35)\n    at async file:///C:/Users/Krishna/Downloads/uppromote-sheets-sync-step1/uppromote-sheets-sync-step1/runner.js:5:18","timestamp":"2026-10-02T09:31:47.321Z"}
{"account":"TomHill - Team","level":"debug","message":"Saved Playwright storage state","path":"C:\\Users\\Krishna\\Downloads\\uppromote-sheets-sync-step1\\uppromote-sheets-sync-step1\\playwright-session\\tomhill_team.json","timestamp":"2026-10-02T09:31:47.394Z"}
{"account":"TomHill - Team","level":"warn","message":"Resetting browser session","timestamp":"2026-10-02T09:31:47.394Z"}
{"accountId":"tomhill_sayan","accountName":"TomHill - Sayan","level":"info","message":"Starting account sync","timestamp":"2026-10-02T09:31:47.985Z"}
{"account":"TomHill - Sayan","headless":true,"level":"info","message":"Launching Playwright browser","timestamp":"2026-10-02T09:31:47.986Z"}
{"account":"TomHill - Sayan","level":"info","message":"Browser session ready","reusedStoredSession":true,"timestamp":"2026-10-02T09:31:48.252Z"}
{"account":"TomHill - Sayan","level":"info","message":"Already authenticated (reused session)","timestamp":"2026-10-02T09:31:50.641Z"}
{"level":"debug","message":"Set table page length to maximum","timestamp":"2026-10-02T09:31:54.669Z","value":"100"}
{"level":"info","maxRows":100,"message":"Scraped current orders page","rowsFound":0,"timestamp":"2026-10-02T09:31:54.688Z"}
{"accountId":"tomhill_sayan","accountName":"TomHill - Sayan","challenge":false,"level":"error","message":"Account sync failed Refusing to replace account TomHill - Sayan with an empty dataset","stack":"Error: Refusing to replace account TomHill - Sayan with an empty dataset\n    at replaceAccountOrders (file:///C:/Users/Krishna/Downloads/uppromote-sheets-sync-step1/uppromote-sheets-sync-step1/sheets/writer.js:101:11)\n    at runSync (file:///C:/Users/Krishna/Downloads/uppromote-sheets-sync-step1/uppromote-sheets-sync-step1/sync/syncEngine.js:41:35)\n    at async file:///C:/Users/Krishna/Downloads/uppromote-sheets-sync-step1/uppromote-sheets-sync-step1/runner.js:5:18","timestamp":"2026-10-02T09:31:54.688Z"}
{"account":"TomHill - Sayan","level":"debug","message":"Saved Playwright storage state","path":"C:\\Users\\Krishna\\Downloads\\uppromote-sheets-sync-step1\\uppromote-sheets-sync-step1\\playwright-session\\tomhill_sayan.json","timestamp":"2026-10-02T09:31:54.748Z"}
{"account":"TomHill - Sayan","level":"warn","message":"Resetting browser session","timestamp":"2026-10-02T09:31:54.748Z"}
{"accountId":"tomhill_dilsher","accountName":"TomHill - Dilsher","level":"info","message":"Starting account sync","timestamp":"2026-10-02T09:31:55.337Z"}
{"account":"TomHill - Dilsher","headless":true,"level":"info","message":"Launching Playwright browser","timestamp":"2026-10-02T09:31:55.338Z"}
{"account":"TomHill - Dilsher","level":"info","message":"Browser session ready","reusedStoredSession":true,"timestamp":"2026-10-02T09:31:55.583Z"}
{"account":"TomHill - Dilsher","level":"info","message":"Already authenticated (reused session)","timestamp":"2026-10-02T09:31:58.016Z"}
{"level":"debug","message":"Set table page length to maximum","timestamp":"2026-10-02T09:32:01.718Z","value":"100"}
{"level":"info","maxRows":100,"message":"Scraped current orders page","rowsFound":0,"timestamp":"2026-10-02T09:32:01.751Z"}
{"accountId":"tomhill_dilsher","accountName":"TomHill - Dilsher","challenge":false,"level":"error","message":"Account sync failed Refusing to replace account TomHill - Dilsher with an empty dataset","stack":"Error: Refusing to replace account TomHill - Dilsher with an empty dataset\n    at replaceAccountOrders (file:///C:/Users/Krishna/Downloads/uppromote-sheets-sync-step1/uppromote-sheets-sync-step1/sheets/writer.js:101:11)\n    at runSync (file:///C:/Users/Krishna/Downloads/uppromote-sheets-sync-step1/uppromote-sheets-sync-step1/sync/syncEngine.js:41:35)\n    at async file:///C:/Users/Krishna/Downloads/uppromote-sheets-sync-step1/uppromote-sheets-sync-step1/runner.js:5:18","timestamp":"2026-10-02T09:32:01.751Z"}
{"account":"TomHill - Dilsher","level":"debug","message":"Saved Playwright storage state","path":"C:\\Users\\Krishna\\Downloads\\uppromote-sheets-sync-step1\\uppromote-sheets-sync-step1\\playwright-session\\tomhill_dilsher.json","timestamp":"2026-10-02T09:32:01.830Z"}
{"account":"TomHill - Dilsher","level":"warn","message":"Resetting browser session","timestamp":"2026-10-02T09:32:01.831Z"}
{"accountId":"tomhill_ayush","accountName":"TomHill - Ayush","level":"info","message":"Starting account sync","timestamp":"2026-10-02T09:32:02.440Z"}
{"account":"TomHill - Ayush","headless":true,"level":"info","message":"Launching Playwright browser","timestamp":"2026-10-02T09:32:02.440Z"}
{"account":"TomHill - Ayush","level":"info","message":"Browser session ready","reusedStoredSession":true,"timestamp":"2026-10-02T09:32:02.720Z"}
{"account":"TomHill - Ayush","level":"info","message":"Already authenticated (reused session)","timestamp":"2026-10-02T09:32:05.203Z"}
{"level":"debug","message":"Set table page length to maximum","timestamp":"2026-10-02T09:32:09.034Z","value":"100"}
{"level":"info","maxRows":100,"message":"Scraped current orders page","rowsFound":0,"timestamp":"2026-10-02T09:32:09.052Z"}
{"accountId":"tomhill_ayush","accountName":"TomHill - Ayush","challenge":false,"level":"error","message":"Account sync failed Refusing to replace account TomHill - Ayush with an empty dataset","stack":"Error: Refusing to replace account TomHill - Ayush with an empty dataset\n    at replaceAccountOrders (file:///C:/Users/Krishna/Downloads/uppromote-sheets-sync-step1/uppromote-sheets-sync-step1/sheets/writer.js:101:11)\n    at runSync (file:///C:/Users/Krishna/Downloads/uppromote-sheets-sync-step1/uppromote-sheets-sync-step1/sync/syncEngine.js:41:35)\n    at async file:///C:/Users/Krishna/Downloads/uppromote-sheets-sync-step1/uppromote-sheets-sync-step1/runner.js:5:18","timestamp":"2026-10-02T09:32:09.052Z"}
{"account":"TomHill - Ayush","level":"debug","message":"Saved Playwright storage state","path":"C:\\Users\\Krishna\\Downloads\\uppromote-sheets-sync-step1\\uppromote-sheets-sync-step1\\playwright-session\\tomhill_ayush.json","timestamp":"2026-10-02T09:32:09.125Z"}
{"account":"TomHill - Ayush","level":"warn","message":"Resetting browser session","timestamp":"2026-10-02T09:32:09.125Z"}
{"accountCount":17,"accounts":[{"accepted":100,"accountId":"hypd_dilsher","accountName":"HYPD - Dilsher","durationSeconds":32,"finalRowCount":1301,"keptOtherAccounts":1201,"mode":"full","ok":true,"pagesScraped":1,"paginationComplete":true,"received":100,"records":100,"removedOld":25,"stopReason":"single-page-100-row-mode","written":100},{"accepted":25,"accountId":"hypd_aryan","accountName":"HYPD - Aryan","durationSeconds":21,"finalRowCount":1301,"keptOtherAccounts":1276,"mode":"full","ok":true,"pagesScraped":1,"paginationComplete":true,"received":25,"records":25,"removedOld":25,"stopReason":"single-page-100-row-mode","written":25},{"accepted":97,"accountId":"hypd_aastha","accountName":"HYPD - Aastha","durationSeconds":16,"finalRowCount":1373,"keptOtherAccounts":1276,"mode":"full","ok":true,"pagesScraped":1,"paginationComplete":true,"received":100,"records":100,"removedOld":25,"stopReason":"single-page-100-row-mode","written":97},{"accepted":100,"accountId":"hypd_sayan","accountName":"HYPD - Sayan","durationSeconds":14,"finalRowCount":1448,"keptOtherAccounts":1348,"mode":"full","ok":true,"pagesScraped":1,"paginationComplete":true,"received":100,"records":100,"removedOld":25,"stopReason":"single-page-100-row-mode","written":100},{"accepted":25,"accountId":"hypd_ayush","accountName":"HYPD - Ayush","durationSeconds":25,"finalRowCount":1383,"keptOtherAccounts":1358,"mode":"full","ok":true,"pagesScraped":1,"paginationComplete":true,"received":25,"records":25,"removedOld":90,"stopReason":"single-page-100-row-mode","written":25},{"accepted":78,"accountId":"hypd_prathmesh","accountName":"HYPD - Prathmesh","durationSeconds":15,"finalRowCount":1436,"keptOtherAccounts":1358,"mode":"full","ok":true,"pagesScraped":1,"paginationComplete":true,"received":78,"records":78,"removedOld":25,"stopReason":"single-page-100-row-mode","written":78},{"accountId":"hypd_team","accountName":"HYPD - Team","challenge":null,"message":"Refusing to replace account HYPD - Team with an empty dataset","ok":false},{"accepted":100,"accountId":"hypd_reet","accountName":"HYPD - Reet","durationSeconds":21,"finalRowCount":1436,"keptOtherAccounts":1336,"mode":"full","ok":true,"pagesScraped":1,"paginationComplete":true,"received":100,"records":100,"removedOld":100,"stopReason":"single-page-100-row-mode","written":100},{"accepted":39,"accountId":"hypd_krishna","accountName":"HYPD - Krishna","durationSeconds":15,"finalRowCount":1436,"keptOtherAccounts":1397,"mode":"full","ok":true,"pagesScraped":1,"paginationComplete":true,"received":39,"records":39,"removedOld":39,"stopReason":"single-page-100-row-mode","written":39},{"accepted":26,"accountId":"hypd_sayan_socialnorm","accountName":"HYPD - Sayan (SocialNorm)","durationSeconds":21,"finalRowCount":1437,"keptOtherAccounts":1411,"mode":"full","ok":true,"pagesScraped":1,"paginationComplete":true,"received":26,"records":26,"removedOld":25,"stopReason":"single-page-100-row-mode","written":26},{"accepted":13,"accountId":"tomhill_reet","accountName":"TomHill - Reet","durationSeconds":14,"finalRowCount":1437,"keptOtherAccounts":1424,"mode":"full","ok":true,"pagesScraped":1,"paginationComplete":true,"received":13,"records":13,"removedOld":13,"stopReason":"single-page-100-row-mode","written":13},{"accountId":"tomhill_aryan","accountName":"TomHill - Aryan","challenge":null,"message":"Refusing to replace account TomHill - Aryan with an empty dataset","ok":false},{"accepted":5,"accountId":"tomhill_krishna","accountName":"TomHill - Krishna","durationSeconds":28,"finalRowCount":1437,"keptOtherAccounts":1432,"mode":"full","ok":true,"pagesScraped":1,"paginationComplete":true,"received":5,"records":5,"removedOld":5,"stopReason":"single-page-100-row-mode","written":5},{"accountId":"tomhill_team","accountName":"TomHill - Team","challenge":null,"message":"Refusing to replace account TomHill - Team with an empty dataset","ok":false},{"accountId":"tomhill_sayan","accountName":"TomHill - Sayan","challenge":null,"message":"Refusing to replace account TomHill - Sayan with an empty dataset","ok":false},{"accountId":"tomhill_dilsher","accountName":"TomHill - Dilsher","challenge":null,"message":"Refusing to replace account TomHill - Dilsher with an empty dataset","ok":false},{"accountId":"tomhill_ayush","accountName":"TomHill - Ayush","challenge":null,"message":"Refusing to replace account TomHill - Ayush with an empty dataset","ok":false}],"completedAt":"2026-10-02T09:32:09.725Z","durationSeconds":284,"failed":6,"level":"info","message":"Multi-account sync finished","mode":"full","startedAt":"2026-10-02T09:27:26.136Z","succeeded":11,"timestamp":"2026-10-02T09:32:09.725Z"}
